450465,Glass
424694,Bohemian Rhapsody
480530,Creed II
401469,Widows
504172,The Mule
483906,Polar
452832,Serenity
332562,A Star Is Born
433249,IO
369972,First Man
505954,Т-34
465914,If Beale Street Could Talk
401847,Can You Ever Forgive Me?
429197,Vice
490132,Green Book
405774,Bird Box
375262,The Favourite
337167,Fifty Shades Freed
443055,Love of My Life
399360,Alpha
263115,Logan
489999,Searching
440626,Собибор
484247,A Simple Favor
426426,Roma
157336,Interstellar
447332,A Quiet Place
487558,BlacKkKlansman
446021,Bad Times at the El Royale
210577,Gone Girl
414919,Hart Beat
315635,Spider-Man: Homecoming
451915,Beautiful Boy
375785,Then Came You
49017,Dracula Untold
316029,The Greatest Showman
470044,The Hate U Give
458594,Peppermint
272,Batman Begins
155,The Dark Knight
400535,Sicario: Day of the Soldado
455207,Crazy Rich Asians
516716,Milly & Mamet
475132,A Private War
466411,Speed Kills
361292,Suspiria
8966,Twilight
286217,The Martian
407436,Mowgli: Legend of the Jungle
150540,Inside Out
242582,Nightcrawler
205596,The Imitation Game
168508,Something in the Way
500852,Miss Bala
446101,Assassination Nation
398818,Call Me by Your Name
228150,Fury
150689,Cinderella
194662,Birdman
399055,The Shape of Water
491472,At Eternity's Gate
520360,King of Thieves
537996,The Ballad of Buster Scruggs
49026,The Dark Knight Rises
169917,A Walk Among the Tombstones
244786,Whiplash
16869,Inglourious Basterds
216015,Fifty Shades of Grey
438808,White Boy Rick
454227,Outlaw King
429351,12 Strong
49047,Gravity
455980,Tag
281957,The Revenant
168259,Furious 7
68718,Django Unchained
324786,Hacksaw Ridge
254128,San Andreas
489930,Blindspotting
58595,Snow White and the Huntsman
359940,Three Billboards Outside Ebbing, Missouri
374720,Dunkirk
438145,Black '47
65754,The Girl with the Dragon Tattoo
384018,Fast & Furious Presents: Hobbs & Shaw
329865,Arrival
462391,ஆண் தேவதை
401545,Todos lo saben
419743,Disobedience
241554,Run All Night
398173,The House That Jack Built
440472,The Upside
575185,Den gula jackan
281338,War for the Planet of the Apes
372058,君の名は。
1124,The Prestige
440161,The Sisters Brothers
514619,Nobody's Fool
496274,The Thinning: New World Order
18239,The Twilight Saga: New Moon
566100,Keluarga Cemara
334543,Lion
11324,Shutter Island
417261,Forever My Girl
264660,Ex Machina
381284,Hidden Figures
17979,A Christmas Carol
61791,Rise of the Planet of the Apes
1422,The Departed
12162,The Hurt Locker
392044,Murder on the Orient Express
425972,Cargo
6977,No Country for Old Men
62764,Mirror Mirror
147441,Exodus: Gods and Kings
458737,First Reformed
340613,The Wife
119450,Dawn of the Planet of the Apes
273481,Sicario
543711,Carmen - Met Opera Live
350,The Devil Wears Prada
296096,Me Before You
378064,聲の形
340666,Nocturnal Animals
77338,Intouchables
468362,The Angel
533148,एक लड़की को देखा तोह ऐसा लगा
446354,The Post
152601,Her
106646,The Wolf of Wall Street
569547,Black Mirror: Bandersnatch
346672,Underworld: Blood Wars
254172,Fathers and Daughters
278927,The Jungle Book
315837,Ghost in the Shell
50620,The Twilight Saga: Breaking Dawn - Part 2
312221,Creed
201088,Blackhat
433498,Papillon
457136,Mary Queen of Scots
489931,American Animals
429415,Extinction
395841,Hold the Dark
273248,The Hateful Eight
391713,Lady Bird
429203,The Old Man & the Gun
395990,Death Wish
313369,La La Land
399404,Darkest Hour
576503,Wasteland
451925,Time Freak
11036,The Notebook
449176,Love, Simon
548932,あの日のオルガン
406990,What Happened to Monday
307081,Southpaw
396371,Molly's Game
487670,The Death of Superman
53182,300: Rise of an Empire
472451,Boy Erased
400617,Phantom Thread
486947,Den skyldige
121046,ชั่วฟ้าดินสลาย
265208,Wild Card
24021,The Twilight Saga: Eclipse
406997,Wonder
491584,버닝
176147,Heimliche Liebe - Der Schüler und die Postbotin
274857,King Arthur: Legend of the Sword
341174,Fifty Shades Darker
433288,1%
76203,12 Years a Slave
1417,El laberinto del fauno
38,Eternal Sunshine of the Spotless Mind
338766,Hell or High Water
476292,さよならの朝に約束の花をかざろう
44214,Black Swan
460071,Lizzie
290595,The Huntsman: Winter's War
1402,The Pursuit of Happyness
440298,Zimna wojna
474354,22 July
222935,The Fault in Our Stars
1949,Zodiac
385360,Billionaire Boys Club
4922,The Curious Case of Benjamin Button
45269,The King's Speech
314365,Spotlight
502682,Book Club
120467,The Grand Budapest Hotel
401905,Fahrenheit 451
82693,Silver Linings Playbook
11130,The Princess Diaries 2: Royal Engagement
12405,Slumdog Millionaire
414191,Our House
340674,Dark Crimes
546765,雪の華
333371,10 Cloverfield Lane
472734,Dumplin'
37799,The Social Network
381283,mother!
283366,Miss Peregrine's Home for Peculiar Children
449459,The Vanishing
500919,211
505436,Qu'est-ce qu'on a encore fait au bon Dieu ?
470894,At First Light
429417,Ghost Stories
379149,The Foreigner
492258,Cocaine Godmother
459910,Braven
503346,Occupation
13223,Gran Torino
146233,Prisoners
507076,Climax
339692,Shot Caller
399905,여자전쟁: 비열한 거래
438650,Cold Pursuit
122906,About Time
464502,Acrimony
489929,Destination Wedding
389015,I, Tonya
254,King Kong
388,Inside Man
363676,Sully
432301,Chappaquiddick
400579,Tully
87827,Life of Pi
335797,Sing
787,Mr. & Mrs. Smith
1372,Blood Diamond
64690,Drive
82695,Les Misérables
68724,Elysium
445954,Acts of Vengeance
454652,Colette
4982,American Gangster
254320,The Lobster
568709,Preman Pensiun
70,Million Dollar Baby
2502,The Bourne Supremacy
500475,SuperFly
84892,The Perks of Being a Wallflower
112160,Chroniques sexuelles d'une famille d'aujourd'hui
561,Constantine
652,Troy
419831,I Kill Giants
339103,Gotti
376867,Moonlight
339988,The Circle
8328,Step Up 2: The Streets
64682,The Great Gatsby
15472,Män som hatar kvinnor
395992,Life
462919,Sierra Burgess Is a Loser
433683,Қазақ хандығы. Алмас қылыш
566512,Crucible of the Vampire
419478,Midnight Sun
193756,Lone Survivor
467952,The Catcher Was a Spy
530442,My Teacher, My Obsession
116745,The Secret Life of Walter Mitty
398181,You Were Never Really Here
446791,All the Money in the World
350312,Baahubali 2: The Conclusion
449924,葉問4
465136,Every Day
2567,The Aviator
75780,Jack Reacher
453201,The 15:17 to Paris
110415,Snowpiercer
443009,Don't Worry, He Won't Get Far on Foot
1495,Kingdom of Heaven
72190,World War Z
75174,The Grey
9509,Man on Fire
20662,Robin Hood
483184,Dogman
301337,Downsizing
258216,Nymphomaniac: Vol. I
27022,The Sorcerer's Apprentice
2503,The Bourne Ultimatum
220882,London Fields
11321,Seven Pounds
456929,Campeones
314095,The Lost City of Z
68734,Argo
196867,Annie
109424,Captain Phillips
5915,Into the Wild
505192,万引き家族
395834,Wind River
168672,American Hustle
384680,Hostiles
371638,The Disaster Artist
1640,Crash
369885,Allied
376660,The Edge of Seventeen
484436,Ánimas
7840,10,000 BC
152532,Dallas Buyers Club
253412,Everest
11322,Public Enemies
12783,The Duchess
557648,Rent
38810,Κυνόδοντας
154400,The Drop
22972,Green Zone
261470,Perdona si te llamo amor
9762,Step Up
11081,Taking Lives
39254,Real Steel
455108,The Little Stranger
573945,Rose England
525946,Troop Zero
157353,Transcendence
346685,The Girl on the Train
318846,The Big Short
124905,Godzilla
296524,Deepwater Horizon
274870,Passengers
448776,A Prayer Before Dawn
334541,Manchester by the Sea
394117,The Florida Project
82682,Gangster Squad
6479,I Am Legend
18487,The Taking of Pelham 1 2 3
8321,In Bruges
413362,Roman J. Israel, Esq.
186,Lucky Number Slevin
205587,The Judge
511785,Alex Strangelove
171274,Inherent Vice
73881,La fonte des neiges
17431,Moon
19913,(500) Days of Summer
72570,The Vow
293768,Kidnap
470229,Summer of 84
97630,Zero Dark Thirty
1966,Alexander
249397,Nymphomaniac: Vol. II
48171,The Rite
10947,High School Musical
353326,The Man Who Knew Infinity
302401,Snowden
86834,Noah
11887,High School Musical 3: Senior Year
207932,Inferno
8456,Never Back Down
68722,The Master
