NODE_1_length_978225_cov_26.336258_60	VFDB	Virulence Factors	.	.	0.0	.	.	hit_id=VFG042066(gb|NP_460656);hit_name=VFG042066(gb|NP_460656) (steC) type III secretion system effector SteC [SPI-2 encoded T3SS (SS021)] [Salmonella enterica subsp. enterica serovar Typhimurium str. LT2]
NODE_1_length_978225_cov_26.336258_148	VFDB	Virulence Factors	.	.	0.0	.	.	hit_id=VFG020956(gi:198246164);hit_name=VFG020956(gi:198246164) (sseJ) secreted effector protein [TTSS-2 translocated effectors (CVF035)] [Salmonella enterica subsp. enterica serovar Dublin str. CT_02021853]
NODE_1_length_978225_cov_26.336258_181	VFDB	Virulence Factors	.	.	0.0	.	.	hit_id=VFG020992(gi:207856904);hit_name=VFG020992(gi:207856904) (sifB) secreted effector protein [TTSS-2 translocated effectors (CVF035)] [Salmonella enterica subsp. enterica serovar Enteritidis str. P125109]
NODE_1_length_978225_cov_26.336258_199	VFDB	Virulence Factors	.	.	9.03e-150	.	.	hit_id=VFG042067(gb|NP_460542);hit_name=VFG042067(gb|NP_460542) (steA) type III secretion system effector SteA [SPI-1 encoded T3SS (SS010)] [Salmonella enterica subsp. enterica serovar Typhimurium str. LT2]
NODE_1_length_978225_cov_26.336258_210	VFDB	Virulence Factors	.	.	0.0	.	.	hit_id=VFG043568(gi:16764916);hit_name=VFG043568(gi:16764916) (ompD) outer membrane porin precursor [Hek (AI384)] [Salmonella enterica subsp. enterica serovar Typhimurium str. LT2]
NODE_1_length_978225_cov_26.336258_355	VFDB	Virulence Factors	.	.	0.0	.	.	hit_id=VFG020923(gi:207857072);hit_name=VFG020923(gi:207857072) (ssaU) secretion system apparatus protein SsaU [TTSS (SPI-2 encode) (CVF032)] [Salmonella enterica subsp. enterica serovar Enteritidis str. P125109]
NODE_1_length_978225_cov_26.336258_356	VFDB	Virulence Factors	.	.	0.0	.	.	hit_id=VFG020914(gi:207857073);hit_name=VFG020914(gi:207857073) (ssaT) putative type III secretion protein [TTSS (SPI-2 encode) (CVF032)] [Salmonella enterica subsp. enterica serovar Enteritidis str. P125109]
NODE_1_length_978225_cov_26.336258_357	VFDB	Virulence Factors	.	.	5.36e-58	.	.	hit_id=VFG000520(gb|NP_460385);hit_name=VFG000520(gb|NP_460385) (ssaS) type III secretion system minor export apparatus protein SsaS [TTSS(SPI-2 encode) (VF0321)] [Salmonella enterica subsp. enterica serovar Typhimurium str. LT2]
NODE_1_length_978225_cov_26.336258_358	VFDB	Virulence Factors	.	.	2.75e-152	.	.	hit_id=VFG020898(gi:207857075);hit_name=VFG020898(gi:207857075) (ssaR) type III secretion system protein [TTSS (SPI-2 encode) (CVF032)] [Salmonella enterica subsp. enterica serovar Enteritidis str. P125109]
NODE_1_length_978225_cov_26.336258_359	VFDB	Virulence Factors	.	.	0.0	.	.	hit_id=VFG020889(gi:207857076);hit_name=VFG020889(gi:207857076) (ssaQ) type III secretion system protein [TTSS (SPI-2 encode) (CVF032)] [Salmonella enterica subsp. enterica serovar Enteritidis str. P125109]
NODE_1_length_978225_cov_26.336258_360	VFDB	Virulence Factors	.	.	1.83e-91	.	.	hit_id=VFG000517(gb|NP_460382);hit_name=VFG000517(gb|NP_460382) (ssaP) type III secretion system needle length regulator SsaP [TTSS(SPI-2 encode) (VF0321)] [Salmonella enterica subsp. enterica serovar Typhimurium str. LT2]
NODE_1_length_978225_cov_26.336258_361	VFDB	Virulence Factors	.	.	8.85e-87	.	.	hit_id=VFG020871(gi:207857078);hit_name=VFG020871(gi:207857078) (ssaO) putative type III secretion protein [TTSS (SPI-2 encode) (CVF032)] [Salmonella enterica subsp. enterica serovar Enteritidis str. P125109]
NODE_1_length_978225_cov_26.336258_362	VFDB	Virulence Factors	.	.	0.0	.	.	hit_id=VFG020862(gi:207857079);hit_name=VFG020862(gi:207857079) (ssaN) type III secretion system ATPase [TTSS (SPI-2 encode) (CVF032)] [Salmonella enterica subsp. enterica serovar Enteritidis str. P125109]
NODE_1_length_978225_cov_26.336258_363	VFDB	Virulence Factors	.	.	0.0	.	.	hit_id=VFG000514(gb|NP_460379);hit_name=VFG000514(gb|NP_460379) (ssaV) type III secretion system major export apparatus protein ssaV [TTSS(SPI-2 encode) (VF0321)] [Salmonella enterica subsp. enterica serovar Typhimurium str. LT2]
NODE_1_length_978225_cov_26.336258_364	VFDB	Virulence Factors	.	.	3.49e-89	.	.	hit_id=VFG000513(gb|NP_460378);hit_name=VFG000513(gb|NP_460378) (ssaM) type III secretion system protein SsaM [TTSS(SPI-2 encode) (VF0321)] [Salmonella enterica subsp. enterica serovar Typhimurium str. LT2]
NODE_1_length_978225_cov_26.336258_365	VFDB	Virulence Factors	.	.	0.0	.	.	hit_id=VFG020835(gi:207857082);hit_name=VFG020835(gi:207857082) (ssaL) putative secretion system protein [TTSS (SPI-2 encode) (CVF032)] [Salmonella enterica subsp. enterica serovar Enteritidis str. P125109]
NODE_1_length_978225_cov_26.336258_366	VFDB	Virulence Factors	.	.	5.91e-169	.	.	hit_id=VFG020826(gi:207857083);hit_name=VFG020826(gi:207857083) (ssaK) putative pathogenicity island protein [TTSS (SPI-2 encode) (CVF032)] [Salmonella enterica subsp. enterica serovar Enteritidis str. P125109]
NODE_1_length_978225_cov_26.336258_368	VFDB	Virulence Factors	.	.	0.0	.	.	hit_id=VFG003895(gi:56413620);hit_name=VFG003895(gi:56413620) (ssaJ) putative pathogenicity island lipoprotein [TTSS (SPI-2 encode) (CVF032)] [Salmonella enterica subsp. enterica serovar Paratyphi A str. ATCC 9150]
NODE_1_length_978225_cov_26.336258_369	VFDB	Virulence Factors	.	.	2.96e-59	.	.	hit_id=VFG018462(gi:161614175);hit_name=VFG018462(gi:161614175) (ssaI) hypothetical protein [TTSS (SPI-2 encode) (CVF032)] [Salmonella enterica subsp. enterica serovar Paratyphi B str. SPB7]
NODE_1_length_978225_cov_26.336258_370	VFDB	Virulence Factors	.	.	1.11e-63	.	.	hit_id=VFG003886(gi:62179998);hit_name=VFG003886(gi:62179998) (ssaH) Secretion system apparatus SsaH [TTSS (SPI-2 encode) (CVF032)] [Salmonella enterica subsp. enterica serovar Choleraesuis str. SC-B67]
NODE_1_length_978225_cov_26.336258_371	VFDB	Virulence Factors	.	.	7.64e-47	.	.	hit_id=VFG000507(gb|NP_460371);hit_name=VFG000507(gb|NP_460371) (ssaG) type III secretion system needle filament protein SsaG [TTSS(SPI-2 encode) (VF0321)] [Salmonella enterica subsp. enterica serovar Typhimurium str. LT2]
NODE_1_length_978225_cov_26.336258_372	VFDB	Virulence Factors	.	.	9.77e-172	.	.	hit_id=VFG020944(gi:198245779);hit_name=VFG020944(gi:198245779) (sseG) secreted effector protein [TTSS-2 translocated effectors (CVF035)] [Salmonella enterica subsp. enterica serovar Dublin str. CT_02021853]
NODE_1_length_978225_cov_26.336258_373	VFDB	Virulence Factors	.	.	0.0	.	.	hit_id=VFG020936(gi:207857090);hit_name=VFG020936(gi:207857090) (sseF) putative pathogenicity island effector protein [TTSS-2 translocated effectors (CVF035)] [Salmonella enterica subsp. enterica serovar Enteritidis str. P125109]
NODE_1_length_978225_cov_26.336258_374	VFDB	Virulence Factors	.	.	1.34e-105	.	.	hit_id=VFG000504(gb|NP_460368);hit_name=VFG000504(gb|NP_460368) (sscB) chaperone for sseF [SPI-2 encoded T3SS (SS021)] [Salmonella enterica subsp. enterica serovar Typhimurium str. LT2]
NODE_1_length_978225_cov_26.336258_375	VFDB	Virulence Factors	.	.	3.56e-99	.	.	hit_id=VFG000503(gb|NP_460367);hit_name=VFG000503(gb|NP_460367) (sseE) type III secretion system effector SseE [TTSS(SPI-2 encode) (VF0321)] [Salmonella enterica subsp. enterica serovar Typhimurium str. LT2]
NODE_1_length_978225_cov_26.336258_376	VFDB	Virulence Factors	.	.	5.44e-140	.	.	hit_id=VFG000502(gb|NP_460366);hit_name=VFG000502(gb|NP_460366) (sseD) type III secretion system hydrophilic translocator, pore protein SseD [TTSS(SPI-2 encode) (VF0321)] [Salmonella enterica subsp. enterica serovar Typhimurium str. LT2]
NODE_1_length_978225_cov_26.336258_377	VFDB	Virulence Factors	.	.	0.0	.	.	hit_id=VFG020754(gi:207857094);hit_name=VFG020754(gi:207857094) (sseC) putative pathogenicity island effector protein [TTSS (SPI-2 encode) (CVF032)] [Salmonella enterica subsp. enterica serovar Enteritidis str. P125109]
NODE_1_length_978225_cov_26.336258_378	VFDB	Virulence Factors	.	.	5.51e-117	.	.	hit_id=VFG020745(gi:207857095);hit_name=VFG020745(gi:207857095) (sscA) putative Type III secretion system chaperone protein [TTSS (SPI-2 encode) (CVF032)] [Salmonella enterica subsp. enterica serovar Enteritidis str. P125109]
NODE_1_length_978225_cov_26.336258_379	VFDB	Virulence Factors	.	.	4.63e-144	.	.	hit_id=VFG000499(gb|NP_460363);hit_name=VFG000499(gb|NP_460363) (sseB) type III secretion system effector SseB [TTSS(SPI-2 encode) (VF0321)] [Salmonella enterica subsp. enterica serovar Typhimurium str. LT2]
NODE_1_length_978225_cov_26.336258_380	VFDB	Virulence Factors	.	.	2.52e-75	.	.	hit_id=VFG003843(gi:16760514);hit_name=VFG003843(gi:16760514) (sseA) putative pathogenicity island protein [TTSS (SPI-2 encode) (CVF032)] [Salmonella enterica subsp. enterica serovar Typhi str. CT18]
NODE_1_length_978225_cov_26.336258_381	VFDB	Virulence Factors	.	.	1.31e-52	.	.	hit_id=VFG000497(gb|NP_460361);hit_name=VFG000497(gb|NP_460361) (ssaE) chaperone for sseB [TTSS(SPI-2 encode) (VF0321)] [Salmonella enterica subsp. enterica serovar Typhimurium str. LT2]
NODE_1_length_978225_cov_26.336258_382	VFDB	Virulence Factors	.	.	0.0	.	.	hit_id=VFG020714(gi:207857099);hit_name=VFG020714(gi:207857099) (ssaD) putative pathogenicity island protein [TTSS (SPI-2 encode) (CVF032)] [Salmonella enterica subsp. enterica serovar Enteritidis str. P125109]
NODE_1_length_978225_cov_26.336258_383	VFDB	Virulence Factors	.	.	0.0	.	.	hit_id=VFG020705(gi:207857100);hit_name=VFG020705(gi:207857100) (ssaC) putative outer membrane secretory protein [TTSS (SPI-2 encode) (CVF032)] [Salmonella enterica subsp. enterica serovar Enteritidis str. P125109]
NODE_1_length_978225_cov_26.336258_384	VFDB	Virulence Factors	.	.	8.45e-92	.	.	hit_id=VFG020930(gi:207857101);hit_name=VFG020930(gi:207857101) (spiC/ssaB) putative pathogenicity island 2 secreted effector protein [TTSS-2 translocated effectors (CVF035)] [Salmonella enterica subsp. enterica serovar Enteritidis str. P125109]
NODE_1_length_978225_cov_26.336258_385	VFDB	Virulence Factors	.	.	0.0	.	.	hit_id=VFG020695(gi:198243220);hit_name=VFG020695(gi:198243220) (ssrA) secretion system regulator:Sensor component [TTSS (SPI-2 encode) (CVF032)] [Salmonella enterica subsp. enterica serovar Dublin str. CT_02021853]
NODE_1_length_978225_cov_26.336258_386	VFDB	Virulence Factors	.	.	3.96e-158	.	.	hit_id=VFG000492(gi:16764741);hit_name=VFG000492(gi:16764741) (ssrB) transcriptional activator [SPI-2 encoded T3SS (SS021)] [Salmonella enterica subsp. enterica serovar Typhimurium str. LT2]
NODE_1_length_978225_cov_26.336258_548	VFDB	Virulence Factors	.	.	9.95e-166	.	.	hit_id=VFG000475(gi:16764586);hit_name=VFG000475(gi:16764586) (phoP) response regulator [PhoPQ (VF0111)] [Salmonella enterica subsp. enterica serovar Typhimurium str. LT2]
NODE_1_length_978225_cov_26.336258_549	VFDB	Virulence Factors	.	.	0.0	.	.	hit_id=VFG000474(gi:16764585);hit_name=VFG000474(gi:16764585) (phoQ) sensor kinase protein [PhoPQ (VF0111)] [Salmonella enterica subsp. enterica serovar Typhimurium str. LT2]
NODE_1_length_978225_cov_26.336258_555	VFDB	Virulence Factors	.	.	0.0	.	.	hit_id=VFG020984(gi:207857269);hit_name=VFG020984(gi:207857269) (sifA) secreted effector protein [TTSS-2 translocated effectors (CVF035)] [Salmonella enterica subsp. enterica serovar Enteritidis str. P125109]
NODE_1_length_978225_cov_26.336258_595	VFDB	Virulence Factors	.	.	0.0	.	.	hit_id=VFG043032(gi:16764540);hit_name=VFG043032(gi:16764540) (flgL) flagellar hook-associated protein FlgL [peritrichous flagella (AI139)] [Salmonella enterica subsp. enterica serovar Typhimurium str. LT2]
NODE_1_length_978225_cov_26.336258_596	VFDB	Virulence Factors	.	.	0.0	.	.	hit_id=VFG043031(gi:16764539);hit_name=VFG043031(gi:16764539) (flgK) flagellar hook-associated protein FlgK [peritrichous flagella (AI139)] [Salmonella enterica subsp. enterica serovar Typhimurium str. LT2]
NODE_1_length_978225_cov_26.336258_597	VFDB	Virulence Factors	.	.	0.0	.	.	hit_id=VFG043030(gi:16764538);hit_name=VFG043030(gi:16764538) (flgJ) flagellar rod assembly protein/muramidase FlgJ [peritrichous flagella (AI139)] [Salmonella enterica subsp. enterica serovar Typhimurium str. LT2]
NODE_1_length_978225_cov_26.336258_598	VFDB	Virulence Factors	.	.	0.0	.	.	hit_id=VFG043029(gi:16764537);hit_name=VFG043029(gi:16764537) (flgI) flagellar basal body P-ring protein [peritrichous flagella (AI139)] [Salmonella enterica subsp. enterica serovar Typhimurium str. LT2]
NODE_1_length_978225_cov_26.336258_599	VFDB	Virulence Factors	.	.	1.72e-163	.	.	hit_id=VFG043028(gi:16764536);hit_name=VFG043028(gi:16764536) (flgH) flagellar basal body L-ring protein [peritrichous flagella (AI139)] [Salmonella enterica subsp. enterica serovar Typhimurium str. LT2]
NODE_1_length_978225_cov_26.336258_600	VFDB	Virulence Factors	.	.	0.0	.	.	hit_id=VFG043027(gi:16764535);hit_name=VFG043027(gi:16764535) (flgG) flagellar basal body rod protein FlgG [peritrichous flagella (AI139)] [Salmonella enterica subsp. enterica serovar Typhimurium str. LT2]
NODE_1_length_978225_cov_26.336258_601	VFDB	Virulence Factors	.	.	0.0	.	.	hit_id=VFG043026(gi:16764534);hit_name=VFG043026(gi:16764534) (flgF) flagellar basal body rod protein FlgF [peritrichous flagella (AI139)] [Salmonella enterica subsp. enterica serovar Typhimurium str. LT2]
NODE_1_length_978225_cov_26.336258_602	VFDB	Virulence Factors	.	.	0.0	.	.	hit_id=VFG043025(gi:16764533);hit_name=VFG043025(gi:16764533) (flgE) flagellar hook protein FlgE [peritrichous flagella (AI139)] [Salmonella enterica subsp. enterica serovar Typhimurium str. LT2]
NODE_1_length_978225_cov_26.336258_603	VFDB	Virulence Factors	.	.	5.58e-166	.	.	hit_id=VFG043024(gi:16764532);hit_name=VFG043024(gi:16764532) (flgD) flagellar basal body rod modification protein [peritrichous flagella (AI139)] [Salmonella enterica subsp. enterica serovar Typhimurium str. LT2]
NODE_1_length_978225_cov_26.336258_604	VFDB	Virulence Factors	.	.	1.35e-94	.	.	hit_id=VFG043023(gi:16764531);hit_name=VFG043023(gi:16764531) (flgC) flagellar basal body rod protein FlgC [peritrichous flagella (AI139)] [Salmonella enterica subsp. enterica serovar Typhimurium str. LT2]
NODE_1_length_978225_cov_26.336258_605	VFDB	Virulence Factors	.	.	9.74e-100	.	.	hit_id=VFG043022(gi:16764530);hit_name=VFG043022(gi:16764530) (flgB) flagellar basal body rod protein FlgB [peritrichous flagella (AI139)] [Salmonella enterica subsp. enterica serovar Typhimurium str. LT2]
NODE_1_length_978225_cov_26.336258_606	VFDB	Virulence Factors	.	.	4.66e-160	.	.	hit_id=VFG043021(gi:16764529);hit_name=VFG043021(gi:16764529) (flgA) flagellar basal body P-ring biosynthesis protein FlgA [peritrichous flagella (AI139)] [Salmonella enterica subsp. enterica serovar Typhimurium str. LT2]
NODE_1_length_978225_cov_26.336258_607	VFDB	Virulence Factors	.	.	4.55e-66	.	.	hit_id=VFG043020(gi:16764528);hit_name=VFG043020(gi:16764528) (flgM) anti-sigma28 factor FlgM [peritrichous flagella (AI139)] [Salmonella enterica subsp. enterica serovar Typhimurium str. LT2]
NODE_1_length_978225_cov_26.336258_608	VFDB	Virulence Factors	.	.	1.16e-99	.	.	hit_id=VFG043019(gi:16764527);hit_name=VFG043019(gi:16764527) (flgN) FlgK/FlgL export chaperone [peritrichous flagella (AI139)] [Salmonella enterica subsp. enterica serovar Typhimurium str. LT2]
NODE_1_length_978225_cov_26.336258_634	VFDB	Virulence Factors	.	.	4.17e-74	.	.	hit_id=VFG000459(gb|NP_460116);hit_name=VFG000459(gb|NP_460116) (csgC) curli assembly protein CsgC [Agf (VF0103)] [Salmonella enterica subsp. enterica serovar Typhimurium str. LT2]
NODE_1_length_978225_cov_26.336258_635	VFDB	Virulence Factors	.	.	2.24e-105	.	.	hit_id=VFG000458(gb|NP_460115);hit_name=VFG000458(gb|NP_460115) (csgA) curlin major subunit CsgA [Agf (VF0103)] [Salmonella enterica subsp. enterica serovar Typhimurium str. LT2]
NODE_1_length_978225_cov_26.336258_636	VFDB	Virulence Factors	.	.	7.69e-108	.	.	hit_id=VFG000457(gb|NP_460114);hit_name=VFG000457(gb|NP_460114) (csgB) minor curlin subunit precursor, curli nucleator protein CsgB [Agf (VF0103)] [Salmonella enterica subsp. enterica serovar Typhimurium str. LT2]
NODE_1_length_978225_cov_26.336258_637	VFDB	Virulence Factors	.	.	6.43e-163	.	.	hit_id=VFG004125(gb|NP_460113);hit_name=VFG004125(gb|NP_460113) (csgD) DNA-binding transcriptional regulator CsgD [curli fibers/thin aggregative fimbriae (AGF) (AI094)] [Salmonella enterica subsp. enterica serovar Typhimurium str. LT2]
NODE_1_length_978225_cov_26.336258_638	VFDB	Virulence Factors	.	.	1.19e-95	.	.	hit_id=VFG000460(gb|NP_460112);hit_name=VFG000460(gb|NP_460112) (csgE) curli production assembly/transport protein CsgE [Agf (VF0103)] [Salmonella enterica subsp. enterica serovar Typhimurium str. LT2]
NODE_1_length_978225_cov_26.336258_639	VFDB	Virulence Factors	.	.	1.67e-99	.	.	hit_id=VFG000461(gb|NP_460111);hit_name=VFG000461(gb|NP_460111) (csgF) curli production assembly/transport protein CsgF [Agf (VF0103)] [Salmonella enterica subsp. enterica serovar Typhimurium str. LT2]
NODE_1_length_978225_cov_26.336258_640	VFDB	Virulence Factors	.	.	0.0	.	.	hit_id=VFG000462(gb|NP_460110);hit_name=VFG000462(gb|NP_460110) (csgG) curli production assembly/transport protein CsgG [Agf (VF0103)] [Salmonella enterica subsp. enterica serovar Typhimurium str. LT2]
NODE_1_length_978225_cov_26.336258_648	VFDB	Virulence Factors	.	.	0.0	.	.	hit_id=VFG020976(gi:198244186);hit_name=VFG020976(gi:198244186) (sseK2) NleB [TTSS-2 translocated effectors (CVF035)] [Salmonella enterica subsp. enterica serovar Dublin str. CT_02021853]
NODE_1_length_978225_cov_26.336258_790	VFDB	Virulence Factors	.	.	0.0	.	.	hit_id=VFG020640(gi:207857501);hit_name=VFG020640(gi:207857501) (sopA) secreted protein SopA [TTSS-1 translocated effectors (CVF034)] [Salmonella enterica subsp. enterica serovar Enteritidis str. P125109]
NODE_1_length_978225_cov_26.336258_805	VFDB	Virulence Factors	.	.	0.0	.	.	hit_id=VFG048830(gb|YP_002920353.1);hit_name=VFG048830(gb|YP_002920353.1) (gnd) 6-phosphogluconate dehydrogenase [Capsule (VF0560)] [Klebsiella pneumoniae subsp. pneumoniae NTUH-K2044]
NODE_1_length_978225_cov_26.336258_823	VFDB	Virulence Factors	.	.	0.0	.	.	hit_id=VFG048990(gb|YP_002920369.1);hit_name=VFG048990(gb|YP_002920369.1) (galF) UTP-glucose-1-phosphate uridylyltransferase subunit GalF [Capsule (VF0560)] [Klebsiella pneumoniae subsp. pneumoniae NTUH-K2044]
NODE_1_length_978225_cov_26.336258_873	VFDB	Virulence Factors	.	.	0.0	.	.	hit_id=VFG021719(gi:198244765);hit_name=VFG021719(gi:198244765) (pegD) hypothetical protein [Peg (CVF631)] [Salmonella enterica subsp. enterica serovar Dublin str. CT_02021853]
NODE_1_length_978225_cov_26.336258_874	VFDB	Virulence Factors	.	.	0.0	.	.	hit_id=VFG021725(gi:198243594);hit_name=VFG021725(gi:198243594) (pegC) fimbrial usher protein [Peg (CVF631)] [Salmonella enterica subsp. enterica serovar Dublin str. CT_02021853]
NODE_1_length_978225_cov_26.336258_875	VFDB	Virulence Factors	.	.	6.65e-167	.	.	hit_id=VFG021732(gi:207857585);hit_name=VFG021732(gi:207857585) (pegB) putative fimbrial chaperone protein [peg (AI069)] [Salmonella enterica subsp. enterica serovar Enteritidis str. P125109]
NODE_1_length_978225_cov_26.336258_876	VFDB	Virulence Factors	.	.	2.01e-129	.	.	hit_id=VFG021737(gi:198242448);hit_name=VFG021737(gi:198242448) (pegA) putative fimbrial subunit protein [Peg (CVF631)] [Salmonella enterica subsp. enterica serovar Dublin str. CT_02021853]
NODE_1_length_978225_cov_26.336258_954	VFDB	Virulence Factors	.	.	0.0	.	.	hit_id=VFG021027(gi:198245144);hit_name=VFG021027(gi:198245144) (sspH2) leucine-rich repeat protein [TTSS-2 translocated effectors (CVF035)] [Salmonella enterica subsp. enterica serovar Dublin str. CT_02021853]
NODE_2_length_410615_cov_26.055824_11	VFDB	Virulence Factors	.	.	0.0	.	.	hit_id=VFG041090(gi:16763648);hit_name=VFG041090(gi:16763648) (sciA) cytoplasmic protein [SCI (Salmonella centrisome island) (SS176)] [Salmonella enterica subsp. enterica serovar Typhimurium str. LT2]
NODE_2_length_410615_cov_26.055824_12	VFDB	Virulence Factors	.	.	0.0	.	.	hit_id=VFG041091(gi:16763649);hit_name=VFG041091(gi:16763649) (sciB) cytoplasmic protein [SCI (Salmonella centrisome island) (SS176)] [Salmonella enterica subsp. enterica serovar Typhimurium str. LT2]
NODE_2_length_410615_cov_26.055824_13	VFDB	Virulence Factors	.	.	7.65e-62	.	.	hit_id=VFG041111(gi:16763670);hit_name=VFG041111(gi:16763670) (sciU) periplasmic protein [SCI (Salmonella centrisome island) (SS176)] [Salmonella enterica subsp. enterica serovar Typhimurium str. LT2]
NODE_2_length_410615_cov_26.055824_14	VFDB	Virulence Factors	.	.	3.83e-129	.	.	hit_id=VFG041112(gi:16763671);hit_name=VFG041112(gi:16763671) (sciV) cytoplasmic protein [SCI (Salmonella centrisome island) (SS176)] [Salmonella enterica subsp. enterica serovar Typhimurium str. LT2]
NODE_2_length_410615_cov_26.055824_24	VFDB	Virulence Factors	.	.	1.42e-121	.	.	hit_id=VFG021372(gi:207855784);hit_name=VFG021372(gi:207855784) (safA) lipoprotein [Saf (CVF013)] [Salmonella enterica subsp. enterica serovar Enteritidis str. P125109]
NODE_2_length_410615_cov_26.055824_25	VFDB	Virulence Factors	.	.	0.0	.	.	hit_id=VFG021382(gi:194734343);hit_name=VFG021382(gi:194734343) (safB) gram-negative pili assembly chaperone [Saf (CVF013)] [Salmonella enterica subsp. enterica serovar Schwarzengrund str. CVM19633]
NODE_2_length_410615_cov_26.055824_26	VFDB	Virulence Factors	.	.	0.0	.	.	hit_id=VFG021387(gi:207855786);hit_name=VFG021387(gi:207855786) (safC) salmonella atypical fimbria outer membrane usher [Saf (CVF013)] [Salmonella enterica subsp. enterica serovar Enteritidis str. P125109]
NODE_2_length_410615_cov_26.055824_27	VFDB	Virulence Factors	.	.	3.41e-116	.	.	hit_id=VFG021395(gi:207855787);hit_name=VFG021395(gi:207855787) (safD) fimbrial structural subunit [Saf (CVF013)] [Salmonella enterica subsp. enterica serovar Enteritidis str. P125109]
NODE_2_length_410615_cov_26.055824_31	VFDB	Virulence Factors	.	.	1.34e-177	.	.	hit_id=VFG043567(gi:16763689);hit_name=VFG043567(gi:16763689) (pagN) adhesin/invasin protein PagN [Rck (AI382)] [Salmonella enterica subsp. enterica serovar Typhimurium str. LT2]
NODE_2_length_410615_cov_26.055824_62	VFDB	Virulence Factors	.	.	0.0	.	.	hit_id=VFG021431(gi:207855818);hit_name=VFG021431(gi:207855818) (stbE) fimbrial chaperone protein [Stb (CVF020)] [Salmonella enterica subsp. enterica serovar Enteritidis str. P125109]
NODE_2_length_410615_cov_26.055824_63	VFDB	Virulence Factors	.	.	0.0	.	.	hit_id=VFG021440(gi:207855819);hit_name=VFG021440(gi:207855819) (stbD) putative fimbrial protein [Stb (CVF020)] [Salmonella enterica subsp. enterica serovar Enteritidis str. P125109]
NODE_2_length_410615_cov_26.055824_64	VFDB	Virulence Factors	.	.	0.0	.	.	hit_id=VFG021449(gi:207855820);hit_name=VFG021449(gi:207855820) (stbC) outer membrane fimbrial usher protein [Stb (CVF020)] [Salmonella enterica subsp. enterica serovar Enteritidis str. P125109]
NODE_2_length_410615_cov_26.055824_65	VFDB	Virulence Factors	.	.	0.0	.	.	hit_id=VFG021460(gi:194448277);hit_name=VFG021460(gi:194448277) (stbB) fimbrial chaperone protein [Stb (CVF020)] [Salmonella enterica subsp. enterica serovar Heidelberg str. SL476]
NODE_2_length_410615_cov_26.055824_66	VFDB	Virulence Factors	.	.	8.40e-128	.	.	hit_id=VFG004255(gi:16763720);hit_name=VFG004255(gi:16763720) (stbA) putative fimbrial major subunit [Stb (AI059)] [Salmonella enterica subsp. enterica serovar Typhimurium str. LT2]
NODE_2_length_410615_cov_26.055824_199	VFDB	Virulence Factors	.	.	0.0	.	.	hit_id=VFG049144(gb|YP_002918165.1);hit_name=VFG049144(gb|YP_002918165.1) (acrB) acriflavine resistance protein B [AcrAB (VF0568)] [Klebsiella pneumoniae subsp. pneumoniae NTUH-K2044]
NODE_2_length_410615_cov_26.055824_248	VFDB	Virulence Factors	.	.	0.0	.	.	hit_id=VFG049120(gb|YP_002918207.1);hit_name=VFG049120(gb|YP_002918207.1) (allB) allantoinase [Allantion utilization (VF0572)] [Klebsiella pneumoniae subsp. pneumoniae NTUH-K2044]
NODE_2_length_410615_cov_26.055824_268	VFDB	Virulence Factors	.	.	1.20e-132	.	.	hit_id=VFG021130(gi:197248844);hit_name=VFG021130(gi:197248844) (fimA) type-1 fimbrial protein, A chain [Fim (CVF003)] [Salmonella enterica subsp. enterica serovar Agona str. SL483]
NODE_2_length_410615_cov_26.055824_269	VFDB	Virulence Factors	.	.	1.16e-130	.	.	hit_id=VFG021141(gi:207856022);hit_name=VFG021141(gi:207856022) (fimI) major pilin protein [Fim (CVF003)] [Salmonella enterica subsp. enterica serovar Enteritidis str. P125109]
NODE_2_length_410615_cov_26.055824_270	VFDB	Virulence Factors	.	.	1.36e-169	.	.	hit_id=VFG021148(gi:197251405);hit_name=VFG021148(gi:197251405) (fimC) chaperone protein FimC [Fim (CVF003)] [Salmonella enterica subsp. enterica serovar Agona str. SL483]
NODE_2_length_410615_cov_26.055824_271	VFDB	Virulence Factors	.	.	0.0	.	.	hit_id=VFG021158(gi:198245947);hit_name=VFG021158(gi:198245947) (fimD) outer membrane usher protein SfmD [Fim (CVF003)] [Salmonella enterica subsp. enterica serovar Dublin str. CT_02021853]
NODE_2_length_410615_cov_26.055824_272	VFDB	Virulence Factors	.	.	0.0	.	.	hit_id=VFG021168(gi:207856025);hit_name=VFG021168(gi:207856025) (fimH) FimH protein precursor [Fim (CVF003)] [Salmonella enterica subsp. enterica serovar Enteritidis str. P125109]
NODE_2_length_410615_cov_26.055824_273	VFDB	Virulence Factors	.	.	9.66e-126	.	.	hit_id=VFG004094(gi:62179157);hit_name=VFG004094(gi:62179157) (fimF) putative fimbrial protein [Fim (CVF003)] [Salmonella enterica subsp. enterica serovar Choleraesuis str. SC-B67]
NODE_2_length_410615_cov_26.055824_274	VFDB	Virulence Factors	.	.	7.94e-155	.	.	hit_id=VFG000449(gi:16763929);hit_name=VFG000449(gi:16763929) (fimZ) fimbrial protein Z [Type 1 fimbriae (VF0102)] [Salmonella enterica subsp. enterica serovar Typhimurium str. LT2]
NODE_2_length_410615_cov_26.055824_275	VFDB	Virulence Factors	.	.	6.83e-179	.	.	hit_id=VFG021195(gi:207856028);hit_name=VFG021195(gi:207856028) (fimY) fimbriae Y protein [Fim (CVF003)] [Salmonella enterica subsp. enterica serovar Enteritidis str. P125109]
NODE_2_length_410615_cov_26.055824_276	VFDB	Virulence Factors	.	.	4.06e-149	.	.	hit_id=VFG021204(gi:207856030);hit_name=VFG021204(gi:207856030) (fimW) fimbriae w protein [Fim (CVF003)] [Salmonella enterica subsp. enterica serovar Enteritidis str. P125109]
NODE_2_length_410615_cov_26.055824_292	VFDB	Virulence Factors	.	.	0.0	.	.	hit_id=VFG042313(gi:16763947);hit_name=VFG042313(gi:16763947) (STM0570) outer membrane esterase [ApeE (SS104)] [Salmonella enterica subsp. enterica serovar Typhimurium str. LT2]
NODE_2_length_410615_cov_26.055824_305	VFDB	Virulence Factors	.	.	0.0	.	.	hit_id=VFG000925(gb|NP_752606);hit_name=VFG000925(gb|NP_752606) (fepC) ferrienterobactin ABC transporter ATPase [Enterobactin (VF0228)] [Escherichia coli CFT073]
NODE_2_length_410615_cov_26.055824_308	VFDB	Virulence Factors	.	.	0.0	.	.	hit_id=VFG044165(gb|NP_752609);hit_name=VFG044165(gb|NP_752609) (entS) enterobactin exporter, iron-regulated [enterobactin (IA019)] [Escherichia coli CFT073]
NODE_3_length_376250_cov_25.895658_42	VFDB	Virulence Factors	.	.	4.48e-167	.	.	hit_id=VFG004047(gi:62182255);hit_name=VFG004047(gi:62182255) (mgtC) Mg2+ transport protein [Mg2+ transport (CVF005)] [Salmonella enterica subsp. enterica serovar Choleraesuis str. SC-B67]
NODE_3_length_376250_cov_25.895658_43	VFDB	Virulence Factors	.	.	0.0	.	.	hit_id=VFG021055(gi:207858995);hit_name=VFG021055(gi:207858995) (mgtB) Magnesium transport ATPase, P-type 2 [Mg2+ transport (CVF005)] [Salmonella enterica subsp. enterica serovar Enteritidis str. P125109]
NODE_3_length_376250_cov_25.895658_49	VFDB	Virulence Factors	.	.	0.0	.	.	hit_id=VFG021096(gi:207858990);hit_name=VFG021096(gi:207858990) (misL) putative autotransported protein (MisL) [MisL (CVF008)] [Salmonella enterica subsp. enterica serovar Enteritidis str. P125109]
NODE_3_length_376250_cov_25.895658_167	VFDB	Virulence Factors	.	.	2.96e-123	.	.	hit_id=VFG021365(gi:198242363);hit_name=VFG021365(gi:198242363) (lpfA) long polar fimbria protein A [Lpf (CVF004)] [Salmonella enterica subsp. enterica serovar Dublin str. CT_02021853]
NODE_3_length_376250_cov_25.895658_168	VFDB	Virulence Factors	.	.	4.34e-172	.	.	hit_id=VFG000455(gb|NP_462540);hit_name=VFG000455(gb|NP_462540) (lpfB) long polar fimbrial chaperone protein LpfB [Lpf (VF0105)] [Salmonella enterica subsp. enterica serovar Typhimurium str. LT2]
NODE_3_length_376250_cov_25.895658_169	VFDB	Virulence Factors	.	.	0.0	.	.	hit_id=VFG021352(gi:207858875);hit_name=VFG021352(gi:207858875) (lpfC) outer membrane usher protein (LpfC) [Lpf (CVF004)] [Salmonella enterica subsp. enterica serovar Enteritidis str. P125109]
NODE_3_length_376250_cov_25.895658_170	VFDB	Virulence Factors	.	.	0.0	.	.	hit_id=VFG021345(gi:207858874);hit_name=VFG021345(gi:207858874) (lpfD) fimbrial protein (LpfD) [Lpf (CVF004)] [Salmonella enterica subsp. enterica serovar Enteritidis str. P125109]
NODE_3_length_376250_cov_25.895658_171	VFDB	Virulence Factors	.	.	1.07e-129	.	.	hit_id=VFG000452(gb|NP_462537);hit_name=VFG000452(gb|NP_462537) (lpfE) long polar fimbrial minor subunit LpfE, adhesin [Lpf (VF0105)] [Salmonella enterica subsp. enterica serovar Typhimurium str. LT2]
NODE_4_length_349701_cov_25.938020_124	VFDB	Virulence Factors	.	.	8.13e-142	.	.	hit_id=VFG021501(gi:198243703);hit_name=VFG021501(gi:198243703) (stdA) probable fimbrial protein [Std (CVF022)] [Salmonella enterica subsp. enterica serovar Dublin str. CT_02021853]
NODE_4_length_349701_cov_25.938020_125	VFDB	Virulence Factors	.	.	0.0	.	.	hit_id=VFG021494(gi:207858292);hit_name=VFG021494(gi:207858292) (stdB) probable outer membrane fimbrial usher protein [Std (CVF022)] [Salmonella enterica subsp. enterica serovar Enteritidis str. P125109]
NODE_4_length_349701_cov_25.938020_126	VFDB	Virulence Factors	.	.	0.0	.	.	hit_id=VFG004280(gi:16766329);hit_name=VFG004280(gi:16766329) (stdC) putative fimbrial chaparone [Std (AI061)] [Salmonella enterica subsp. enterica serovar Typhimurium str. LT2]
NODE_4_length_349701_cov_25.938020_127	VFDB	Virulence Factors	.	.	0.0	.	.	hit_id=VFG042609(gi:16766328);hit_name=VFG042609(gi:16766328) (stdD) outer membrane protein [Std (AI061)] [Salmonella enterica subsp. enterica serovar Typhimurium str. LT2]
NODE_4_length_349701_cov_25.938020_198	VFDB	Virulence Factors	.	.	9.74e-119	.	.	hit_id=VFG021549(gi:198245692);hit_name=VFG021549(gi:198245692) (steF) fimbrial subunit [Ste (CVF023)] [Salmonella enterica subsp. enterica serovar Dublin str. CT_02021853]
NODE_4_length_349701_cov_25.938020_199	VFDB	Virulence Factors	.	.	7.38e-118	.	.	hit_id=VFG021542(gi:207858219);hit_name=VFG021542(gi:207858219) (steE) fimbrial subunit [Ste (AI064)] [Salmonella enterica subsp. enterica serovar Enteritidis str. P125109]
NODE_4_length_349701_cov_25.938020_200	VFDB	Virulence Factors	.	.	1.86e-119	.	.	hit_id=VFG021533(gi:198244747);hit_name=VFG021533(gi:198244747) (steD) fimbrial subunit [Ste (CVF023)] [Salmonella enterica subsp. enterica serovar Dublin str. CT_02021853]
NODE_4_length_349701_cov_25.938020_201	VFDB	Virulence Factors	.	.	0.0	.	.	hit_id=VFG004306(gi:62181461);hit_name=VFG004306(gi:62181461) (steC) putative periplasmic fimbrial chaperone [Ste (CVF023)] [Salmonella enterica subsp. enterica serovar Choleraesuis str. SC-B67]
NODE_4_length_349701_cov_25.938020_202	VFDB	Virulence Factors	.	.	0.0	.	.	hit_id=VFG021518(gi:207858216);hit_name=VFG021518(gi:207858216) (steB) outer membrane usher protein [Ste (AI064)] [Salmonella enterica subsp. enterica serovar Enteritidis str. P125109]
NODE_4_length_349701_cov_25.938020_203	VFDB	Virulence Factors	.	.	8.17e-139	.	.	hit_id=VFG004297(gi:56414899);hit_name=VFG004297(gi:56414899) (steA) putative fimbrial subunit [Ste (CVF023)] [Salmonella enterica subsp. enterica serovar Paratyphi A str. ATCC 9150]
NODE_4_length_349701_cov_25.938020_213	VFDB	Virulence Factors	.	.	0.0	.	.	hit_id=VFG020657(gi:198243421);hit_name=VFG020657(gi:198243421) (sopD) Sop effector protein SopD [TTSS-1 translocated effectors (CVF034)] [Salmonella enterica subsp. enterica serovar Dublin str. CT_02021853]
NODE_4_length_349701_cov_25.938020_234	VFDB	Virulence Factors	.	.	0.0	.	.	hit_id=VFG000477(gi:16766230);hit_name=VFG000477(gi:16766230) (rpoS) sigma S (sigma 38) factor of RNA polymerase, major sigmafactor during stationary phase [RpoS (VF0112)] [Salmonella enterica subsp. enterica serovar Typhimurium str. LT2]
NODE_4_length_349701_cov_25.938020_256	VFDB	Virulence Factors	.	.	6.52e-106	.	.	hit_id=VFG020595(gi:207858162);hit_name=VFG020595(gi:207858162) (invH) cell adherance/invasion protein [TTSS (SPI-1 encode) (CVF031)] [Salmonella enterica subsp. enterica serovar Enteritidis str. P125109]
NODE_4_length_349701_cov_25.938020_257	VFDB	Virulence Factors	.	.	0.0	.	.	hit_id=VFG018509(gi:161615811);hit_name=VFG018509(gi:161615811) (invF) hypothetical protein [TTSS (SPI-1 encode) (CVF031)] [Salmonella enterica subsp. enterica serovar Paratyphi B str. SPB7]
NODE_4_length_349701_cov_25.938020_258	VFDB	Virulence Factors	.	.	0.0	.	.	hit_id=VFG000559(gb|NP_461819);hit_name=VFG000559(gb|NP_461819) (invG) type III secretion system secretin invG [TTSS(SPI-1 encode) (VF0116)] [Salmonella enterica subsp. enterica serovar Typhimurium str. LT2]
NODE_4_length_349701_cov_25.938020_259	VFDB	Virulence Factors	.	.	0.0	.	.	hit_id=VFG000558(gb|NP_461818);hit_name=VFG000558(gb|NP_461818) (invE) type III secretion system gatekeeper invE [TTSS(SPI-1 encode) (VF0116)] [Salmonella enterica subsp. enterica serovar Typhimurium str. LT2]
NODE_4_length_349701_cov_25.938020_260	VFDB	Virulence Factors	.	.	0.0	.	.	hit_id=VFG000557(gb|NP_461817);hit_name=VFG000557(gb|NP_461817) (invA) type III secretion system major export apparatus protein InvA [TTSS(SPI-1 encode) (VF0116)] [Salmonella enterica subsp. enterica serovar Typhimurium str. LT2]
NODE_4_length_349701_cov_25.938020_261	VFDB	Virulence Factors	.	.	4.00e-98	.	.	hit_id=VFG000556(gb|NP_461816);hit_name=VFG000556(gb|NP_461816) (invB) type III secretion system protein InvB [TTSS(SPI-1 encode) (VF0116)] [Salmonella enterica subsp. enterica serovar Typhimurium str. LT2]
NODE_4_length_349701_cov_25.938020_262	VFDB	Virulence Factors	.	.	0.0	.	.	hit_id=VFG000555(gb|NP_461815);hit_name=VFG000555(gb|NP_461815) (invC) type III secretion system ATPase InvC [TTSS(SPI-1 encode) (VF0116)] [Salmonella enterica subsp. enterica serovar Typhimurium str. LT2]
NODE_4_length_349701_cov_25.938020_263	VFDB	Virulence Factors	.	.	1.59e-99	.	.	hit_id=VFG000554(gb|NP_461814);hit_name=VFG000554(gb|NP_461814) (invI) type III secretion system stalk protein InvI [TTSS(SPI-1 encode) (VF0116)] [Salmonella enterica subsp. enterica serovar Typhimurium str. LT2]
NODE_4_length_349701_cov_25.938020_264	VFDB	Virulence Factors	.	.	0.0	.	.	hit_id=VFG020520(gi:224584670);hit_name=VFG020520(gi:224584670) (invJ) antigen presentation protein SpaN [TTSS (SPI-1 encode) (CVF031)] [Salmonella enterica subsp. enterica serovar Paratyphi C strain RKS4594]
NODE_4_length_349701_cov_25.938020_265	VFDB	Virulence Factors	.	.	0.0	.	.	hit_id=VFG020513(gi:198245837);hit_name=VFG020513(gi:198245837) (spaO) surface presentation of antigens protein SpaO [TTSS (SPI-1 encode) (CVF031)] [Salmonella enterica subsp. enterica serovar Dublin str. CT_02021853]
NODE_4_length_349701_cov_25.938020_266	VFDB	Virulence Factors	.	.	7.92e-165	.	.	hit_id=VFG000551(gb|NP_461811);hit_name=VFG000551(gb|NP_461811) (spaP) type III secretion system minor export apparatus protein SpaP [TTSS(SPI-1 encode) (VF0116)] [Salmonella enterica subsp. enterica serovar Typhimurium str. LT2]
NODE_4_length_349701_cov_25.938020_267	VFDB	Virulence Factors	.	.	7.65e-56	.	.	hit_id=VFG000550(gb|NP_461810);hit_name=VFG000550(gb|NP_461810) (spaQ) type III secretion system minor export apparatus protein SpaQ [TTSS(SPI-1 encode) (VF0116)] [Salmonella enterica subsp. enterica serovar Typhimurium str. LT2]
NODE_4_length_349701_cov_25.938020_268	VFDB	Virulence Factors	.	.	0.0	.	.	hit_id=VFG003713(gi:56414840);hit_name=VFG003713(gi:56414840) (spaR) secretory protein (associated with virulence) [TTSS (SPI-1 encode) (CVF031)] [Salmonella enterica subsp. enterica serovar Paratyphi A str. ATCC 9150]
NODE_4_length_349701_cov_25.938020_269	VFDB	Virulence Factors	.	.	0.0	.	.	hit_id=VFG000548(gb|NP_461808);hit_name=VFG000548(gb|NP_461808) (spaS) type III secretion system export apparatus switch protein SpaS [TTSS(SPI-1 encode) (VF0116)] [Salmonella enterica subsp. enterica serovar Typhimurium str. LT2]
NODE_4_length_349701_cov_25.938020_270	VFDB	Virulence Factors	.	.	8.73e-124	.	.	hit_id=VFG000547(gb|NP_461807);hit_name=VFG000547(gb|NP_461807) (sicA) chaparone for SipC and SipB [TTSS(SPI-1 encode) (VF0116)] [Salmonella enterica subsp. enterica serovar Typhimurium str. LT2]
NODE_4_length_349701_cov_25.938020_271	VFDB	Virulence Factors	.	.	0.0	.	.	hit_id=VFG000546(gb|NP_461806);hit_name=VFG000546(gb|NP_461806) (sipB/sspB) type III secretion system hydrophilic translocator, pore protein SipB [TTSS(SPI-1 encode) (VF0116)] [Salmonella enterica subsp. enterica serovar Typhimurium str. LT2]
NODE_4_length_349701_cov_25.938020_272	VFDB	Virulence Factors	.	.	0.0	.	.	hit_id=VFG000545(gb|NP_461805);hit_name=VFG000545(gb|NP_461805) (sipC/sspC) type III secretion system hydrophilic translocator, pore protein SipC [TTSS(SPI-1 encode) (VF0116)] [Salmonella enterica subsp. enterica serovar Typhimurium str. LT2]
NODE_4_length_349701_cov_25.938020_273	VFDB	Virulence Factors	.	.	0.0	.	.	hit_id=VFG020457(gi:224584661);hit_name=VFG020457(gi:224584661) (sipD) cell invasion protein [TTSS (SPI-1 encode) (CVF031)] [Salmonella enterica subsp. enterica serovar Paratyphi C strain RKS4594]
NODE_4_length_349701_cov_25.938020_274	VFDB	Virulence Factors	.	.	0.0	.	.	hit_id=VFG020613(gi:207858144);hit_name=VFG020613(gi:207858144) (sipA) pathogenicity island 1 effector protein (function unknown) [TTSS-1 translocated effectors (CVF034)] [Salmonella enterica subsp. enterica serovar Enteritidis str. P125109]
NODE_4_length_349701_cov_25.938020_275	VFDB	Virulence Factors	.	.	3.97e-55	.	.	hit_id=VFG003691(gi:16761658);hit_name=VFG003691(gi:16761658) (iacP) acyl carrier protein [TTSS (SPI-1 encode) (CVF031)] [Salmonella enterica subsp. enterica serovar Typhi str. CT18]
NODE_4_length_349701_cov_25.938020_277	VFDB	Virulence Factors	.	.	1.38e-92	.	.	hit_id=VFG020442(gi:207858142);hit_name=VFG020442(gi:207858142) (sicP) chaperone (associated with virulence) [TTSS (SPI-1 encode) (CVF031)] [Salmonella enterica subsp. enterica serovar Enteritidis str. P125109]
NODE_4_length_349701_cov_25.938020_278	VFDB	Virulence Factors	.	.	0.0	.	.	hit_id=VFG020603(gi:198242758);hit_name=VFG020603(gi:198242758) (sptP) effector protein SptP [TTSS-1 translocated effectors (CVF034)] [Salmonella enterica subsp. enterica serovar Dublin str. CT_02021853]
NODE_4_length_349701_cov_25.938020_279	VFDB	Virulence Factors	.	.	9.78e-119	.	.	hit_id=VFG003684(gi:62181379);hit_name=VFG003684(gi:62181379) (iagB) cell invasion protein [TTSS (SPI-1 encode) (CVF031)] [Salmonella enterica subsp. enterica serovar Choleraesuis str. SC-B67]
NODE_4_length_349701_cov_25.938020_280	VFDB	Virulence Factors	.	.	0.0	.	.	hit_id=VFG020428(gi:194736966);hit_name=VFG020428(gi:194736966) (hilA) invasion protein regulator [TTSS (SPI-1 encode) (CVF031)] [Salmonella enterica subsp. enterica serovar Schwarzengrund str. CVM19633]
NODE_4_length_349701_cov_25.938020_281	VFDB	Virulence Factors	.	.	0.0	.	.	hit_id=VFG000537(gi:16766181);hit_name=VFG000537(gi:16766181) (hilD) invasion protein regulatory protein [TTSS(SPI-1 encode) (VF0116)] [Salmonella enterica subsp. enterica serovar Typhimurium str. LT2]
NODE_4_length_349701_cov_25.938020_282	VFDB	Virulence Factors	.	.	0.0	.	.	hit_id=VFG003669(gi:62181376);hit_name=VFG003669(gi:62181376) (prgH) cell invasion protein [TTSS (SPI-1 encode) (CVF031)] [Salmonella enterica subsp. enterica serovar Choleraesuis str. SC-B67]
NODE_4_length_349701_cov_25.938020_283	VFDB	Virulence Factors	.	.	9.55e-55	.	.	hit_id=VFG000535(gb|NP_461794);hit_name=VFG000535(gb|NP_461794) (prgI) type III secretion system needle filament protein PrgI [TTSS(SPI-1 encode) (VF0116)] [Salmonella enterica subsp. enterica serovar Typhimurium str. LT2]
NODE_4_length_349701_cov_25.938020_284	VFDB	Virulence Factors	.	.	3.19e-69	.	.	hit_id=VFG000534(gb|NP_461793);hit_name=VFG000534(gb|NP_461793) (prgJ) type III secretion system inner rod protein PrgJ [TTSS(SPI-1 encode) (VF0116)] [Salmonella enterica subsp. enterica serovar Typhimurium str. LT2]
NODE_4_length_349701_cov_25.938020_285	VFDB	Virulence Factors	.	.	0.0	.	.	hit_id=VFG000533(gb|NP_461792);hit_name=VFG000533(gb|NP_461792) (prgK) type III secretion system inner MS ring protein PrgK [TTSS(SPI-1 encode) (VF0116)] [Salmonella enterica subsp. enterica serovar Typhimurium str. LT2]
NODE_4_length_349701_cov_25.938020_286	VFDB	Virulence Factors	.	.	6.33e-140	.	.	hit_id=VFG003645(gb|NP_461791);hit_name=VFG003645(gb|NP_461791) (orgA) type III secretion system accessory cytosolic protein OrgA [SPI-1 encoded T3SS (SS010)] [Salmonella enterica subsp. enterica serovar Typhimurium str. LT2]
NODE_4_length_349701_cov_25.938020_287	VFDB	Virulence Factors	.	.	8.93e-172	.	.	hit_id=VFG000532(gb|NP_461790);hit_name=VFG000532(gb|NP_461790) (orgB) type III secretion system stator OrgB [TTSS(SPI-1 encode) (VF0116)] [Salmonella enterica subsp. enterica serovar Typhimurium str. LT2]
NODE_4_length_349701_cov_25.938020_288	VFDB	Virulence Factors	.	.	1.10e-109	.	.	hit_id=VFG003639(gi:62181370);hit_name=VFG003639(gi:62181370) (orgC) putative cytoplasmic protein [TTSS (SPI-1 encode) (CVF031)] [Salmonella enterica subsp. enterica serovar Choleraesuis str. SC-B67]
NODE_4_length_349701_cov_25.938020_289	VFDB	Virulence Factors	.	.	0.0	.	.	hit_id=VFG003633(gi:56414819);hit_name=VFG003633(gi:56414819) (hilC) possible AraC-family transcriptional regulator [TTSS (SPI-1 encode) (CVF031)] [Salmonella enterica subsp. enterica serovar Paratyphi A str. ATCC 9150]
NODE_4_length_349701_cov_25.938020_290	VFDB	Virulence Factors	.	.	0.0	.	.	hit_id=VFG000530(gi:16766172);hit_name=VFG000530(gi:16766172) (sprB) transcriptional regulator [TTSS(SPI-1 encode) (VF0116)] [Salmonella enterica subsp. enterica serovar Typhimurium str. LT2]
NODE_4_length_349701_cov_25.938020_291	VFDB	Virulence Factors	.	.	0.0	.	.	hit_id=VFG020679(gi:207858128);hit_name=VFG020679(gi:207858128) (avrA) pathogenicity island membrane protein [TTSS-1 translocated effectors (CVF034)] [Salmonella enterica subsp. enterica serovar Enteritidis str. P125109]
NODE_5_length_304169_cov_26.189702_5	VFDB	Virulence Factors	.	.	0.0	.	.	hit_id=VFG042607(gi:207859620);hit_name=VFG042607(gi:207859620) (sefR) fimbrial operon positive regulatory protein [SEF14 fimbriae (AI054)] [Salmonella enterica subsp. enterica serovar Enteritidis str. P125109]
NODE_5_length_304169_cov_26.189702_6	VFDB	Virulence Factors	.	.	9.89e-107	.	.	hit_id=VFG021411(gi:207859619);hit_name=VFG021411(gi:207859619) (sefD) fimbrial adhesin subunit [SEF14 fimbriae (AI054)] [Salmonella enterica subsp. enterica serovar Enteritidis str. P125109]
NODE_5_length_304169_cov_26.189702_7	VFDB	Virulence Factors	.	.	0.0	.	.	hit_id=VFG021407(gi:198243755);hit_name=VFG021407(gi:198243755) (sefC) outer membrane fimbrial usher protein [Sef (CVF014)] [Salmonella enterica subsp. enterica serovar Dublin str. CT_02021853]
NODE_5_length_304169_cov_26.189702_8	VFDB	Virulence Factors	.	.	0.0	.	.	hit_id=VFG021404(gi:207859617);hit_name=VFG021404(gi:207859617) (sefB) fimbrial chaperone protein [SEF14 fimbriae (AI054)] [Salmonella enterica subsp. enterica serovar Enteritidis str. P125109]
NODE_5_length_304169_cov_26.189702_9	VFDB	Virulence Factors	.	.	4.82e-116	.	.	hit_id=VFG021400(gi:207859616);hit_name=VFG021400(gi:207859616) (sefA) fimbrial protein precursor [SEF14 fimbriae (AI054)] [Salmonella enterica subsp. enterica serovar Enteritidis str. P125109]
NODE_6_length_300245_cov_26.672575_46	VFDB	Virulence Factors	.	.	3.35e-118	.	.	hit_id=VFG041158(gi:205352287);hit_name=VFG041158(gi:205352287) (SG1029) hypothetical protein [T6SS (SS177)] [Salmonella enterica subsp. enterica serovar Gallinarum str. 287/91]
NODE_6_length_300245_cov_26.672575_47	VFDB	Virulence Factors	.	.	0.0	.	.	hit_id=VFG041159(gi:205352288);hit_name=VFG041159(gi:205352288) (SG1030) hypothetical protein [T6SS (SS177)] [Salmonella enterica subsp. enterica serovar Gallinarum str. 287/91]
NODE_6_length_300245_cov_26.672575_48	VFDB	Virulence Factors	.	.	0.0	.	.	hit_id=VFG041160(gi:205352289);hit_name=VFG041160(gi:205352289) (SG1031) hypothetical protein [T6SS (SS177)] [Salmonella enterica subsp. enterica serovar Gallinarum str. 287/91]
NODE_6_length_300245_cov_26.672575_49	VFDB	Virulence Factors	.	.	8.17e-56	.	.	hit_id=VFG041176(gi:205352305);hit_name=VFG041176(gi:205352305) (SG1048) RHS family protein [T6SS (SS177)] [Salmonella enterica subsp. enterica serovar Gallinarum str. 287/91]
NODE_6_length_300245_cov_26.672575_72	VFDB	Virulence Factors	.	.	0.0	.	.	hit_id=VFG043068(gi:16765319);hit_name=VFG043068(gi:16765319) (fliR) flagellar biosynthesis protein FliR [peritrichous flagella (AI139)] [Salmonella enterica subsp. enterica serovar Typhimurium str. LT2]
NODE_6_length_300245_cov_26.672575_73	VFDB	Virulence Factors	.	.	1.26e-57	.	.	hit_id=VFG043067(gi:16765318);hit_name=VFG043067(gi:16765318) (fliQ) flagellar biosynthesis protein FliQ [peritrichous flagella (AI139)] [Salmonella enterica subsp. enterica serovar Typhimurium str. LT2]
NODE_6_length_300245_cov_26.672575_74	VFDB	Virulence Factors	.	.	4.41e-172	.	.	hit_id=VFG043066(gi:16765317);hit_name=VFG043066(gi:16765317) (fliP) flagellar biosynthesis protein FliP [peritrichous flagella (AI139)] [Salmonella enterica subsp. enterica serovar Typhimurium str. LT2]
NODE_6_length_300245_cov_26.672575_75	VFDB	Virulence Factors	.	.	5.53e-86	.	.	hit_id=VFG043065(gi:308065961);hit_name=VFG043065(gi:308065961) (fliO) flagellar biosynthesis protein FliO [peritrichous flagella (AI139)] [Salmonella enterica subsp. enterica serovar Typhimurium str. LT2]
NODE_6_length_300245_cov_26.672575_76	VFDB	Virulence Factors	.	.	2.73e-96	.	.	hit_id=VFG043064(gi:16765315);hit_name=VFG043064(gi:16765315) (fliN) flagellar motor switch protein FliN [peritrichous flagella (AI139)] [Salmonella enterica subsp. enterica serovar Typhimurium str. LT2]
NODE_6_length_300245_cov_26.672575_77	VFDB	Virulence Factors	.	.	0.0	.	.	hit_id=VFG043063(gi:16765314);hit_name=VFG043063(gi:16765314) (fliM) flagellar motor switch protein FliM [peritrichous flagella (AI139)] [Salmonella enterica subsp. enterica serovar Typhimurium str. LT2]
NODE_6_length_300245_cov_26.672575_78	VFDB	Virulence Factors	.	.	1.39e-111	.	.	hit_id=VFG043062(gi:16765313);hit_name=VFG043062(gi:16765313) (fliL) flagellar basal body-associated protein FliL [peritrichous flagella (AI139)] [Salmonella enterica subsp. enterica serovar Typhimurium str. LT2]
NODE_6_length_300245_cov_26.672575_79	VFDB	Virulence Factors	.	.	0.0	.	.	hit_id=VFG043061(gi:16765312);hit_name=VFG043061(gi:16765312) (fliK) flagellar hook-length control protein [peritrichous flagella (AI139)] [Salmonella enterica subsp. enterica serovar Typhimurium str. LT2]
NODE_6_length_300245_cov_26.672575_80	VFDB	Virulence Factors	.	.	1.33e-105	.	.	hit_id=VFG043060(gi:16765311);hit_name=VFG043060(gi:16765311) (fliJ) flagellar biosynthesis chaperone [peritrichous flagella (AI139)] [Salmonella enterica subsp. enterica serovar Typhimurium str. LT2]
NODE_6_length_300245_cov_26.672575_81	VFDB	Virulence Factors	.	.	0.0	.	.	hit_id=VFG043059(gi:16765310);hit_name=VFG043059(gi:16765310) (fliI) flagellum-specific ATP synthase [peritrichous flagella (AI139)] [Salmonella enterica subsp. enterica serovar Typhimurium str. LT2]
NODE_6_length_300245_cov_26.672575_82	VFDB	Virulence Factors	.	.	1.85e-171	.	.	hit_id=VFG043058(gi:16765309);hit_name=VFG043058(gi:16765309) (fliH) flagellar assembly protein H [peritrichous flagella (AI139)] [Salmonella enterica subsp. enterica serovar Typhimurium str. LT2]
NODE_6_length_300245_cov_26.672575_83	VFDB	Virulence Factors	.	.	0.0	.	.	hit_id=VFG043057(gi:16765308);hit_name=VFG043057(gi:16765308) (fliG) flagellar motor switch protein G [peritrichous flagella (AI139)] [Salmonella enterica subsp. enterica serovar Typhimurium str. LT2]
NODE_6_length_300245_cov_26.672575_84	VFDB	Virulence Factors	.	.	0.0	.	.	hit_id=VFG043056(gi:16765307);hit_name=VFG043056(gi:16765307) (fliF) flagellar MS-ring protein [peritrichous flagella (AI139)] [Salmonella enterica subsp. enterica serovar Typhimurium str. LT2]
NODE_6_length_300245_cov_26.672575_85	VFDB	Virulence Factors	.	.	2.21e-70	.	.	hit_id=VFG043055(gi:16765306);hit_name=VFG043055(gi:16765306) (fliE) flagellar hook-basal body protein FliE [peritrichous flagella (AI139)] [Salmonella enterica subsp. enterica serovar Typhimurium str. LT2]
NODE_6_length_300245_cov_26.672575_90	VFDB	Virulence Factors	.	.	1.14e-84	.	.	hit_id=VFG043054(gi:16765300);hit_name=VFG043054(gi:16765300) (fliT) flagellar biosynthesis protein FliT [peritrichous flagella (AI139)] [Salmonella enterica subsp. enterica serovar Typhimurium str. LT2]
NODE_6_length_300245_cov_26.672575_91	VFDB	Virulence Factors	.	.	8.11e-96	.	.	hit_id=VFG043053(gi:16765299);hit_name=VFG043053(gi:16765299) (fliS) flagellar protein FliS [peritrichous flagella (AI139)] [Salmonella enterica subsp. enterica serovar Typhimurium str. LT2]
NODE_6_length_300245_cov_26.672575_95	VFDB	Virulence Factors	.	.	1.07e-174	.	.	hit_id=VFG043049(gi:16765294);hit_name=VFG043049(gi:16765294) (fliA) flagellar biosynthesis sigma factor [peritrichous flagella (AI139)] [Salmonella enterica subsp. enterica serovar Typhimurium str. LT2]
NODE_6_length_300245_cov_26.672575_96	VFDB	Virulence Factors	.	.	3.19e-139	.	.	hit_id=VFG043048(gi:16765293);hit_name=VFG043048(gi:16765293) (fliZ) flagella biosynthesis protein FliZ [peritrichous flagella (AI139)] [Salmonella enterica subsp. enterica serovar Typhimurium str. LT2]
NODE_6_length_300245_cov_26.672575_97	VFDB	Virulence Factors	.	.	0.0	.	.	hit_id=VFG043047(gi:16765292);hit_name=VFG043047(gi:16765292) (fliY) cystine transporter subunit [peritrichous flagella (AI139)] [Salmonella enterica subsp. enterica serovar Typhimurium str. LT2]
NODE_6_length_300245_cov_26.672575_119	VFDB	Virulence Factors	.	.	2.36e-80	.	.	hit_id=VFG043046(gi:16765267);hit_name=VFG043046(gi:16765267) (flhD) transcriptional activator FlhD [peritrichous flagella (AI139)] [Salmonella enterica subsp. enterica serovar Typhimurium str. LT2]
NODE_6_length_300245_cov_26.672575_120	VFDB	Virulence Factors	.	.	1.08e-143	.	.	hit_id=VFG043045(gi:39546332);hit_name=VFG043045(gi:39546332) (flhC) transcriptional activator FlhC [peritrichous flagella (AI139)] [Salmonella enterica subsp. enterica serovar Typhimurium str. LT2]
NODE_6_length_300245_cov_26.672575_121	VFDB	Virulence Factors	.	.	0.0	.	.	hit_id=VFG043044(gi:16765265);hit_name=VFG043044(gi:16765265) (motA) flagellar motor protein MotA [peritrichous flagella (AI139)] [Salmonella enterica subsp. enterica serovar Typhimurium str. LT2]
NODE_6_length_300245_cov_26.672575_122	VFDB	Virulence Factors	.	.	0.0	.	.	hit_id=VFG043043(gi:16765264);hit_name=VFG043043(gi:16765264) (motB) flagellar motor protein MotB [peritrichous flagella (AI139)] [Salmonella enterica subsp. enterica serovar Typhimurium str. LT2]
NODE_6_length_300245_cov_26.672575_123	VFDB	Virulence Factors	.	.	0.0	.	.	hit_id=VFG043042(gi:16765263);hit_name=VFG043042(gi:16765263) (cheA) chemotaxis protein CheA [peritrichous flagella (AI139)] [Salmonella enterica subsp. enterica serovar Typhimurium str. LT2]
NODE_6_length_300245_cov_26.672575_124	VFDB	Virulence Factors	.	.	5.62e-119	.	.	hit_id=VFG043041(gi:16765262);hit_name=VFG043041(gi:16765262) (cheW) purine-binding chemotaxis protein [peritrichous flagella (AI139)] [Salmonella enterica subsp. enterica serovar Typhimurium str. LT2]
NODE_6_length_300245_cov_26.672575_125	VFDB	Virulence Factors	.	.	0.0	.	.	hit_id=VFG043040(gi:16765261);hit_name=VFG043040(gi:16765261) (tar/cheM) methyl accepting chemotaxis protein II [peritrichous flagella (AI139)] [Salmonella enterica subsp. enterica serovar Typhimurium str. LT2]
NODE_6_length_300245_cov_26.672575_126	VFDB	Virulence Factors	.	.	0.0	.	.	hit_id=VFG043039(gi:16765260);hit_name=VFG043039(gi:16765260) (cheR) chemotaxis methyltransferase CheR [peritrichous flagella (AI139)] [Salmonella enterica subsp. enterica serovar Typhimurium str. LT2]
NODE_6_length_300245_cov_26.672575_127	VFDB	Virulence Factors	.	.	0.0	.	.	hit_id=VFG043038(gi:16765259);hit_name=VFG043038(gi:16765259) (cheB) chemotaxis-specific methylesterase [peritrichous flagella (AI139)] [Salmonella enterica subsp. enterica serovar Typhimurium str. LT2]
NODE_6_length_300245_cov_26.672575_128	VFDB	Virulence Factors	.	.	1.17e-90	.	.	hit_id=VFG043037(gi:16765258);hit_name=VFG043037(gi:16765258) (cheY) chemotaxis regulatory protein CheY [peritrichous flagella (AI139)] [Salmonella enterica subsp. enterica serovar Typhimurium str. LT2]
NODE_6_length_300245_cov_26.672575_129	VFDB	Virulence Factors	.	.	1.56e-155	.	.	hit_id=VFG043036(gi:16765257);hit_name=VFG043036(gi:16765257) (cheZ) chemotaxis regulator CheZ [peritrichous flagella (AI139)] [Salmonella enterica subsp. enterica serovar Typhimurium str. LT2]
NODE_6_length_300245_cov_26.672575_131	VFDB	Virulence Factors	.	.	0.0	.	.	hit_id=VFG043035(gi:16765256);hit_name=VFG043035(gi:16765256) (flhB) flagellar biosynthesis protein FlhB [peritrichous flagella (AI139)] [Salmonella enterica subsp. enterica serovar Typhimurium str. LT2]
NODE_6_length_300245_cov_26.672575_132	VFDB	Virulence Factors	.	.	0.0	.	.	hit_id=VFG043034(gi:16765255);hit_name=VFG043034(gi:16765255) (flhA) flagellar biosynthesis protein FlhA [peritrichous flagella (AI139)] [Salmonella enterica subsp. enterica serovar Typhimurium str. LT2]
NODE_6_length_300245_cov_26.672575_133	VFDB	Virulence Factors	.	.	6.20e-93	.	.	hit_id=VFG043033(gi:16765254);hit_name=VFG043033(gi:16765254) (flhE) flagellar protein [peritrichous flagella (AI139)] [Salmonella enterica subsp. enterica serovar Typhimurium str. LT2]
NODE_6_length_300245_cov_26.672575_187	VFDB	Virulence Factors	.	.	2.18e-127	.	.	hit_id=VFG000463(gb|NP_460019);hit_name=VFG000463(gb|NP_460019) (sodCI) Gifsy-2 prophage: superoxide dismutase precursor (Cu-Zn) [SodCI (VF0109)] [Salmonella enterica subsp. enterica serovar Typhimurium str. LT2]
NODE_6_length_300245_cov_26.672575_193	VFDB	Virulence Factors	.	.	0.0	.	.	hit_id=VFG020665(gi:207856623);hit_name=VFG020665(gi:207856623) (sopE) type III secretion system, secreted effector protein (SopE) [TTSS-1 translocated effectors (CVF034)] [Salmonella enterica subsp. enterica serovar Enteritidis str. P125109]
NODE_6_length_300245_cov_26.672575_216	VFDB	Virulence Factors	.	.	0.0	.	.	hit_id=VFG020673(gi:207856639);hit_name=VFG020673(gi:207856639) (sopE2) invasion-associated secreted effector protein (sopE2) [TTSS-1 translocated effectors (CVF034)] [Salmonella enterica subsp. enterica serovar Enteritidis str. P125109]
NODE_7_length_228456_cov_26.236566_50	VFDB	Virulence Factors	.	.	9.08e-128	.	.	hit_id=VFG021597(gi:207855716);hit_name=VFG021597(gi:207855716) (stfG) putative minor fimbrial subunit [Stf (CVF024)] [Salmonella enterica subsp. enterica serovar Enteritidis str. P125109]
NODE_7_length_228456_cov_26.236566_51	VFDB	Virulence Factors	.	.	5.96e-116	.	.	hit_id=VFG021589(gi:207855715);hit_name=VFG021589(gi:207855715) (stfF) minor fimbrial subunit stff [Stf (CVF024)] [Salmonella enterica subsp. enterica serovar Enteritidis str. P125109]
NODE_7_length_228456_cov_26.236566_52	VFDB	Virulence Factors	.	.	3.47e-123	.	.	hit_id=VFG021581(gi:207855714);hit_name=VFG021581(gi:207855714) (stfE) minor fimbrial subunit stfE (putaive minor fimbrial subunit) [Stf (CVF024)] [Salmonella enterica subsp. enterica serovar Enteritidis str. P125109]
NODE_7_length_228456_cov_26.236566_53	VFDB	Virulence Factors	.	.	0.0	.	.	hit_id=VFG021572(gi:198245513);hit_name=VFG021572(gi:198245513) (stfD) chaperone protein PapD [Stf (CVF024)] [Salmonella enterica subsp. enterica serovar Dublin str. CT_02021853]
NODE_7_length_228456_cov_26.236566_54	VFDB	Virulence Factors	.	.	0.0	.	.	hit_id=VFG021565(gi:207855712);hit_name=VFG021565(gi:207855712) (stfC) outer membrane usher protein stfc (putative fimbrial outer membrane usher) [Stf (CVF024)] [Salmonella enterica subsp. enterica serovar Enteritidis str. P125109]
NODE_7_length_228456_cov_26.236566_55	VFDB	Virulence Factors	.	.	5.40e-133	.	.	hit_id=VFG021557(gi:207855711);hit_name=VFG021557(gi:207855711) (stfA) major fimbrial subunit stfa (putative fimbrial subunit) [Stf (CVF024)] [Salmonella enterica subsp. enterica serovar Enteritidis str. P125109]
NODE_7_length_228456_cov_26.236566_74	VFDB	Virulence Factors	.	.	1.31e-129	.	.	hit_id=VFG021671(gi:198243893);hit_name=VFG021671(gi:198243893) (stiA) putative fimbrial subunit [Sti (CVF027)] [Salmonella enterica subsp. enterica serovar Dublin str. CT_02021853]
NODE_7_length_228456_cov_26.236566_75	VFDB	Virulence Factors	.	.	4.06e-172	.	.	hit_id=VFG021663(gi:198243389);hit_name=VFG021663(gi:198243389) (stiB) chaperone protein FimC [Sti (CVF027)] [Salmonella enterica subsp. enterica serovar Dublin str. CT_02021853]
NODE_7_length_228456_cov_26.236566_76	VFDB	Virulence Factors	.	.	0.0	.	.	hit_id=VFG021656(gi:207855691);hit_name=VFG021656(gi:207855691) (stiC) putativie fimbrial usher. putativie fimbrial usher [Sti (CVF027)] [Salmonella enterica subsp. enterica serovar Enteritidis str. P125109]
NODE_7_length_228456_cov_26.236566_77	VFDB	Virulence Factors	.	.	0.0	.	.	hit_id=VFG021648(gi:207855690);hit_name=VFG021648(gi:207855690) (stiH) putative fimbriae [Sti (CVF027)] [Salmonella enterica subsp. enterica serovar Enteritidis str. P125109]
NODE_8_length_223702_cov_26.153881_37	VFDB	Virulence Factors	.	.	0.0	.	.	hit_id=VFG021018(gi:207856363);hit_name=VFG021018(gi:207856363) (sopD2) putative sopD2 type III secretion system effector protein [TTSS-2 translocated effectors (CVF035)] [Salmonella enterica subsp. enterica serovar Enteritidis str. P125109]
NODE_8_length_223702_cov_26.153881_170	VFDB	Virulence Factors	.	.	3.94e-138	.	.	hit_id=VFG021034(gi:198246208);hit_name=VFG021034(gi:198246208) (slrP) leucine-rich repeat protein [TTSS effectors translocated via both systems (CVF033)] [Salmonella enterica subsp. enterica serovar Dublin str. CT_02021853]
NODE_8_length_223702_cov_26.153881_171	VFDB	Virulence Factors	.	.	7.30e-152	.	.	hit_id=VFG021037(gi:194448645);hit_name=VFG021037(gi:194448645) (slrP) leucine-rich repeat protein [TTSS effectors translocated via both systems (CVF033)] [Salmonella enterica subsp. enterica serovar Heidelberg str. SL476]
NODE_8_length_223702_cov_26.153881_172	VFDB	Virulence Factors	.	.	0.0	.	.	hit_id=VFG021038(gi:194445572);hit_name=VFG021038(gi:194445572) (slrP) leucine-rich repeat protein [TTSS effectors translocated via both systems (CVF033)] [Salmonella enterica subsp. enterica serovar Newport str. SL254]
NODE_9_length_195720_cov_26.056668_71	VFDB	Virulence Factors	.	.	0.0	.	.	hit_id=VFG043545(gi:218560235);hit_name=VFG043545(gi:218560235) (ECS88_3547) lipoprotein NlpI [NlpI (AI331)] [Escherichia coli O45:K1:H7 str. S88]
NODE_10_length_183203_cov_26.278867_17	VFDB	Virulence Factors	.	.	4.86e-154	.	.	hit_id=VFG049010;hit_name=VFG049010 (A225_4123) DNA-binding capsular synthesis response regulator RcsB [RcsAB (CVF856)] [Klebsiella oxytoca E718]
NODE_10_length_183203_cov_26.278867_34	VFDB	Virulence Factors	.	.	0.0	.	.	hit_id=VFG020968(gi:194448042);hit_name=VFG020968(gi:194448042) (sseL) deubiquitinase [TTSS-2 translocated effectors (CVF035)] [Salmonella enterica subsp. enterica serovar Heidelberg str. SL476]
NODE_10_length_183203_cov_26.278867_118	VFDB	Virulence Factors	.	.	0.0	.	.	hit_id=VFG043069(gi:16765698);hit_name=VFG043069(gi:16765698) (flk) flagella biosynthesis regulator [peritrichous flagella (AI139)] [Salmonella enterica subsp. enterica serovar Typhimurium str. LT2]
NODE_11_length_170917_cov_26.102820_28	VFDB	Virulence Factors	.	.	0.0	.	.	hit_id=VFG042608(gi:16763418);hit_name=VFG042608(gi:16763418) (bcfH) thiol-disulfide isomerase [bovine colonization factor (Bcf) (AI058)] [Salmonella enterica subsp. enterica serovar Typhimurium str. LT2]
NODE_11_length_170917_cov_26.102820_29	VFDB	Virulence Factors	.	.	0.0	.	.	hit_id=VFG021330(gi:207855542);hit_name=VFG021330(gi:207855542) (bcfG) fimbrial chaperone [Bcf (CVF002)] [Salmonella enterica subsp. enterica serovar Enteritidis str. P125109]
NODE_11_length_170917_cov_26.102820_30	VFDB	Virulence Factors	.	.	1.07e-124	.	.	hit_id=VFG004170(gb|NP_459031);hit_name=VFG004170(gb|NP_459031) (bcfF) fimbrial subunit [bovine colonization factor (Bcf) (AI058)] [Salmonella enterica subsp. enterica serovar Typhimurium str. LT2]
NODE_11_length_170917_cov_26.102820_31	VFDB	Virulence Factors	.	.	5.45e-135	.	.	hit_id=VFG004169(gi:62178593);hit_name=VFG004169(gi:62178593) (bcfE) fimbrial subunit [Bcf (CVF002)] [Salmonella enterica subsp. enterica serovar Choleraesuis str. SC-B67]
NODE_11_length_170917_cov_26.102820_32	VFDB	Virulence Factors	.	.	0.0	.	.	hit_id=VFG021303(gi:207855539);hit_name=VFG021303(gi:207855539) (bcfD) fimbrial subunit [Bcf (CVF002)] [Salmonella enterica subsp. enterica serovar Enteritidis str. P125109]
NODE_11_length_170917_cov_26.102820_33	VFDB	Virulence Factors	.	.	0.0	.	.	hit_id=VFG021294(gi:207855538);hit_name=VFG021294(gi:207855538) (bcfC) fimbrial usher protein [Bcf (CVF002)] [Salmonella enterica subsp. enterica serovar Enteritidis str. P125109]
NODE_11_length_170917_cov_26.102820_34	VFDB	Virulence Factors	.	.	4.62e-167	.	.	hit_id=VFG021285(gi:207855537);hit_name=VFG021285(gi:207855537) (bcfB) fimbrial chaperone [Bcf (CVF002)] [Salmonella enterica subsp. enterica serovar Enteritidis str. P125109]
NODE_11_length_170917_cov_26.102820_35	VFDB	Virulence Factors	.	.	1.33e-127	.	.	hit_id=VFG004145(gb|NP_459026);hit_name=VFG004145(gb|NP_459026) (bcfA) fimbrial subunit [bovine colonization factor (Bcf) (AI058)] [Salmonella enterica subsp. enterica serovar Typhimurium str. LT2]
NODE_11_length_170917_cov_26.102820_60	VFDB	Virulence Factors	.	.	5.48e-132	.	.	hit_id=VFG021640(gi:207859716);hit_name=VFG021640(gi:207859716) (sthA) putative fimbrial protein [Sth (CVF026)] [Salmonella enterica subsp. enterica serovar Enteritidis str. P125109]
NODE_11_length_170917_cov_26.102820_61	VFDB	Virulence Factors	.	.	5.54e-169	.	.	hit_id=VFG018307(gi:161617905);hit_name=VFG018307(gi:161617905) (sthB) hypothetical protein [Sth (CVF026)] [Salmonella enterica subsp. enterica serovar Paratyphi B str. SPB7]
NODE_11_length_170917_cov_26.102820_62	VFDB	Virulence Factors	.	.	0.0	.	.	hit_id=VFG021623(gi:207859714);hit_name=VFG021623(gi:207859714) (sthC) Outer membrane fimbrial usher protein [Sth (CVF026)] [Salmonella enterica subsp. enterica serovar Enteritidis str. P125109]
NODE_11_length_170917_cov_26.102820_63	VFDB	Virulence Factors	.	.	1.10e-132	.	.	hit_id=VFG021613(gi:198243552);hit_name=VFG021613(gi:198243552) (sthD) putative fimbrial subunit [Sth (CVF026)] [Salmonella enterica subsp. enterica serovar Dublin str. CT_02021853]
NODE_11_length_170917_cov_26.102820_64	VFDB	Virulence Factors	.	.	0.0	.	.	hit_id=VFG021605(gi:207859712);hit_name=VFG021605(gi:207859712) (sthE) putative fimbrial subunit [Sth (CVF026)] [Salmonella enterica subsp. enterica serovar Enteritidis str. P125109]
NODE_13_length_116621_cov_25.899653_87	VFDB	Virulence Factors	.	.	0.0	.	.	hit_id=VFG002307(gb|NP_461452);hit_name=VFG002307(gb|NP_461452) (sinH) intimin-like protein [SinH (VF0400)] [Salmonella enterica subsp. enterica serovar Typhimurium str. LT2]
NODE_13_length_116621_cov_25.899653_89	VFDB	Virulence Factors	.	.	0.0	.	.	hit_id=VFG021126(gi:194442726);hit_name=VFG021126(gi:194442726) (ratB) RatB [RatB (CVF011)] [Salmonella enterica subsp. enterica serovar Newport str. SL254]
NODE_13_length_116621_cov_25.899653_90	VFDB	Virulence Factors	.	.	0.0	.	.	hit_id=VFG004448(gi:62181081);hit_name=VFG004448(gi:62181081) (ratB) putative outer membrane protein [RatB (CVF011)] [Salmonella enterica subsp. enterica serovar Choleraesuis str. SC-B67]
NODE_13_length_116621_cov_25.899653_91	VFDB	Virulence Factors	.	.	0.0	.	.	hit_id=VFG021120(gi:224582950);hit_name=VFG021120(gi:224582950) (ratB) putative outer membrane protein [RatB (CVF011)] [Salmonella enterica subsp. enterica serovar Paratyphi C strain RKS4594]
NODE_13_length_116621_cov_25.899653_92	VFDB	Virulence Factors	.	.	0.0	.	.	hit_id=VFG021105(gi:207857923);hit_name=VFG021105(gi:207857923) (shdA) host colonisation factor (ShdA) [ShdA (CVF015)] [Salmonella enterica subsp. enterica serovar Enteritidis str. P125109]
NODE_14_length_100624_cov_25.890712_1	VFDB	Virulence Factors	.	.	0.0	.	.	hit_id=VFG021105(gi:207857923);hit_name=VFG021105(gi:207857923) (shdA) host colonisation factor (ShdA) [ShdA (CVF015)] [Salmonella enterica subsp. enterica serovar Enteritidis str. P125109]
NODE_16_length_78662_cov_26.309960_14	VFDB	Virulence Factors	.	.	1.81e-109	.	.	hit_id=VFG000478(gi:16764063);hit_name=VFG000478(gi:16764063) (fur) transcriptional repressor of iron-responsive genes (Fur family) (ferric uptake regulator) [Fur (VF0113)] [Salmonella enterica subsp. enterica serovar Typhimurium str. LT2]
NODE_18_length_47445_cov_25.823169_42	VFDB	Virulence Factors	.	.	0.0	.	.	hit_id=VFG021761(gi:198244247);hit_name=VFG021761(gi:198244247) (mig-14) Mig-14 [Mig-14 (CVF006)] [Salmonella enterica subsp. enterica serovar Dublin str. CT_02021853]
NODE_18_length_47445_cov_25.823169_44	VFDB	Virulence Factors	.	.	0.0	.	.	hit_id=VFG021010(gi:207858048);hit_name=VFG021010(gi:207858048) (pipB2) exported protein [TTSS-2 translocated effectors (CVF035)] [Salmonella enterica subsp. enterica serovar Enteritidis str. P125109]
NODE_18_length_47445_cov_25.823169_46	VFDB	Virulence Factors	.	.	0.0	.	.	hit_id=VFG044150(gi:228960703);hit_name=VFG044150(gi:228960703) (iroN) outer membrane receptor FepA [Salmochelin (IA021)] [Salmonella enterica subsp. enterica serovar Typhimurium str. LT2]
NODE_18_length_47445_cov_25.823169_47	VFDB	Virulence Factors	.	.	0.0	.	.	hit_id=VFG044149(gi:16766088);hit_name=VFG044149(gi:16766088) (iroE) hydrolase [Salmochelin (IA021)] [Salmonella enterica subsp. enterica serovar Typhimurium str. LT2]
NODE_19_length_46180_cov_26.734244_3	VFDB	Virulence Factors	.	.	0.0	.	.	hit_id=VFG020952(gi:207856398);hit_name=VFG020952(gi:207856398) (sseI/srfH) putative type III secreted protein [TTSS-2 translocated effectors (CVF035)] [Salmonella enterica subsp. enterica serovar Enteritidis str. P125109]
NODE_19_length_46180_cov_26.734244_20	VFDB	Virulence Factors	.	.	0.0	.	.	hit_id=VFG043544(gi:15800816);hit_name=VFG043544(gi:15800816) (Z1307) outer membrane protein A [OmpA (AI330)] [Escherichia coli O157:H7 str. EDL933]
NODE_19_length_46180_cov_26.734244_37	VFDB	Virulence Factors	.	.	0.0	.	.	hit_id=VFG021001(gi:207856432);hit_name=VFG021001(gi:207856432) (pipB) pathogenicity island protein [TTSS-2 translocated effectors (CVF035)] [Salmonella enterica subsp. enterica serovar Enteritidis str. P125109]
NODE_19_length_46180_cov_26.734244_39	VFDB	Virulence Factors	.	.	0.0	.	.	hit_id=VFG020649(gi:207856434);hit_name=VFG020649(gi:207856434) (sopB/sigD) cell invasion protein [TTSS-1 translocated effectors (CVF034)] [Salmonella enterica subsp. enterica serovar Enteritidis str. P125109]
NODE_20_length_45789_cov_26.193685_33	VFDB	Virulence Factors	.	.	0.0	.	.	hit_id=VFG049190;hit_name=VFG049190 (KOX_00005) protein disaggregation chaperone [T6SS-II (CVF861)] [Klebsiella oxytoca KCTC 1686]
NODE_22_length_34590_cov_26.282033_7	VFDB	Virulence Factors	.	.	2.77e-172	.	.	hit_id=VFG021742(gi:224504263);hit_name=VFG021742(gi:224504263) (pefD) PefD [Pef (CVF009)] [Salmonella enterica subsp. enterica serovar Paratyphi C strain RKS4594]
NODE_22_length_34590_cov_26.282033_8	VFDB	Virulence Factors	.	.	0.0	.	.	hit_id=VFG004409(gi:60115487);hit_name=VFG004409(gi:60115487) (pefC) outer membrane usher protein PefC precursor [Pef (CVF009)] [Salmonella enterica subsp. enterica serovar Choleraesuis str. SC-B67]
NODE_22_length_34590_cov_26.282033_10	VFDB	Virulence Factors	.	.	4.57e-71	.	.	hit_id=VFG000436(gb|NP_490511);hit_name=VFG000436(gb|NP_490511) (pefB) plasmid-encoded fimbriae regulatory protein PefB [Pef (VF0104)] [Salmonella enterica subsp. enterica serovar Typhimurium str. LT2]
NODE_22_length_34590_cov_26.282033_26	VFDB	Virulence Factors	.	.	4.87e-159	.	.	hit_id=VFG021746(gi:224504240);hit_name=VFG021746(gi:224504240) (spvD) SpvD [Spv (CVF018)] [Salmonella enterica subsp. enterica serovar Paratyphi C strain RKS4594]
NODE_22_length_34590_cov_26.282033_27	VFDB	Virulence Factors	.	.	0.0	.	.	hit_id=VFG000438(gb|NP_490528);hit_name=VFG000438(gb|NP_490528) (spvC) type III secretion system effector SpvC, phosphothreonine lyase [Spv (VF0107)] [Salmonella enterica subsp. enterica serovar Typhimurium str. LT2]
NODE_22_length_34590_cov_26.282033_28	VFDB	Virulence Factors	.	.	0.0	.	.	hit_id=VFG000439(gb|NP_490529);hit_name=VFG000439(gb|NP_490529) (spvB) type III secretion system effector SpvB, ADP-ribosylation activity [Spv (VF0107)] [Salmonella enterica subsp. enterica serovar Typhimurium str. LT2]
NODE_22_length_34590_cov_26.282033_30	VFDB	Virulence Factors	.	.	0.0	.	.	hit_id=VFG004421(gi:60115465);hit_name=VFG004421(gi:60115465) (spvA) 28.1 kDa virulence protein [Spv (CVF018)] [Salmonella enterica subsp. enterica serovar Choleraesuis str. SC-B67]
NODE_22_length_34590_cov_26.282033_32	VFDB	Virulence Factors	.	.	0.0	.	.	hit_id=VFG021754(gi:224504236);hit_name=VFG021754(gi:224504236) (spvR) SpvR [Spv (CVF018)] [Salmonella enterica subsp. enterica serovar Paratyphi C strain RKS4594]
NODE_22_length_34590_cov_26.282033_38	VFDB	Virulence Factors	.	.	0.0	.	.	hit_id=VFG002301(gi:17233497);hit_name=VFG002301(gi:17233497) (mig-5) putative carbonic anhydrase [Mig-5 (VF0396)] [Salmonella enterica subsp. enterica serovar Typhimurium str. LT2]
NODE_24_length_32697_cov_25.451841_19	VFDB	Virulence Factors	.	.	0.0	.	.	hit_id=VFG004016(gb|NP_463026);hit_name=VFG004016(gb|NP_463026) (sseK1) type III secretion system effector SseK1 [SPI-2 encoded T3SS (SS021)] [Salmonella enterica subsp. enterica serovar Typhimurium str. LT2]
NODE_28_length_7333_cov_23.717093_3	VFDB	Virulence Factors	.	.	0.0	.	.	hit_id=VFG044146(gi:16766085);hit_name=VFG044146(gi:16766085) (iroB) glycosyl transferase [Salmochelin (IA021)] [Salmonella enterica subsp. enterica serovar Typhimurium str. LT2]
NODE_28_length_7333_cov_23.717093_4	VFDB	Virulence Factors	.	.	0.0	.	.	hit_id=VFG044147(gi:16766086);hit_name=VFG044147(gi:16766086) (iroC) ABC transporter protein [Salmochelin (IA021)] [Salmonella enterica subsp. enterica serovar Typhimurium str. LT2]
NODE_28_length_7333_cov_23.717093_5	VFDB	Virulence Factors	.	.	0.0	.	.	hit_id=VFG044148(gi:16766087);hit_name=VFG044148(gi:16766087) (iroD) enterochelin esterase=-like protein [Salmochelin (IA021)] [Salmonella enterica subsp. enterica serovar Typhimurium str. LT2]
NODE_36_length_824_cov_28.405722_1	VFDB	Virulence Factors	.	.	1.77e-132	.	.	hit_id=VFG000442(gb|NP_490501);hit_name=VFG000442(gb|NP_490501) (rck) resistance to complement killing [Rck (VF0108)] [Salmonella enterica subsp. enterica serovar Typhimurium str. LT2]
NODE_41_length_342_cov_23.132404_1	VFDB	Virulence Factors	.	.	1.33e-68	.	.	hit_id=VFG000581(gi:16767511);hit_name=VFG000581(gi:16767511) (siiE) inner membrane protein [BapA (AI387)] [Salmonella enterica subsp. enterica serovar Typhimurium str. LT2]
NODE_44_length_238_cov_29.147541_1	VFDB	Virulence Factors	.	.	1.57e-46	.	.	hit_id=VFG000581(gi:16767511);hit_name=VFG000581(gi:16767511) (siiE) inner membrane protein [BapA (AI387)] [Salmonella enterica subsp. enterica serovar Typhimurium str. LT2]
NODE_44_length_238_cov_29.147541_1	VFDB	Virulence Factors	.	.	1.94e-44	.	.	hit_id=VFG000581(gi:16767511);hit_name=VFG000581(gi:16767511) (siiE) inner membrane protein [BapA (AI387)] [Salmonella enterica subsp. enterica serovar Typhimurium str. LT2]
